ISO-10303-21;
HEADER;
FILE_DESCRIPTION (( 'STEP AP203' ),
    '1' );
FILE_NAME ('acrylic-0.5_light_new10.STEP',
    '2026-09-02T16:13:41',
    ( 'Windows User' ),
    ( '' ),
    'SwSTEP 2.0',
    'SolidWorks 2025',
    '' );
FILE_SCHEMA (( 'CONFIG_CONTROL_DESIGN' ));
ENDSEC;

DATA;
#1 = CARTESIAN_POINT ( 'NONE',  ( 5.565687298990000365, 0.000000000000000000, -11.71681028240000089 ) ) ;
#2 = CARTESIAN_POINT ( 'NONE',  ( 1.346419313509999993, 0.000000000000000000, 12.24244865110000013 ) ) ;
#3 = CARTESIAN_POINT ( 'NONE',  ( -2.931416529419999861, 1.500000000000000000, -11.00000000000000000 ) ) ;
#4 = VECTOR ( 'NONE', #1703, 1000.000000000000000 ) ;
#5 = LOCAL_TIME ( 0, 13, 41.00000000000000000, #1490 ) ;
#6 = FACE_OUTER_BOUND ( 'NONE', #1295, .T. ) ;
#7 = DIRECTION ( 'NONE',  ( 1.000000000000000000, 0.000000000000000000, 0.000000000000000000 ) ) ;
#8 = CARTESIAN_POINT ( 'NONE',  ( 7.084554759640000476, 3.000000000000000000, 9.871869517270001282 ) ) ;
#9 = AXIS2_PLACEMENT_3D ( 'NONE', #114, #1184, #294 ) ;
#10 = LINE ( 'NONE', #1223, #259 ) ;
#11 = VERTEX_POINT ( 'NONE', #856 ) ;
#12 = EDGE_CURVE ( 'NONE', #320, #1449, #436, .T. ) ;
#13 = LINE ( 'NONE', #1064, #681 ) ;
#14 = UNCERTAINTY_MEASURE_WITH_UNIT (LENGTH_MEASURE( 1.000000000000000082E-05 ), #133, 'distance_accuracy_value', 'NONE');
#15 = ORIENTED_EDGE ( 'NONE', *, *, #1291, .F. ) ;
#16 = CARTESIAN_POINT ( 'NONE',  ( -8.500000000000000000, 3.000000000000000000, 11.00000000000000000 ) ) ;
#17 = CARTESIAN_POINT ( 'NONE',  ( 7.000000001620000134, 3.000000000000000000, 3.212388979520000021 ) ) ;
#18 = LINE ( 'NONE', #742, #1857 ) ;
#19 = VECTOR ( 'NONE', #353, 1000.000000000000000 ) ;
#20 = CARTESIAN_POINT ( 'NONE',  ( 7.001873395499999653, 3.000000000000000000, 9.640311404480000235 ) ) ;
#21 = EDGE_CURVE ( 'NONE', #1097, #1891, #707, .T. ) ;
#22 = CARTESIAN_POINT ( 'NONE',  ( -7.377322003750000690, 3.000000000000000000, 9.712517092819998865 ) ) ;
#23 = ORIENTED_EDGE ( 'NONE', *, *, #85, .T. ) ;
#24 = CARTESIAN_POINT ( 'NONE',  ( -7.222477248719999743, 0.000000000000000000, -6.989688329580000747 ) ) ;
#25 = CALENDAR_DATE ( 2026, 3, 9 ) ;
#26 = ORIENTED_EDGE ( 'NONE', *, *, #864, .F. ) ;
#27 = CARTESIAN_POINT ( 'NONE',  ( -6.931416530159999034, 1.500000000000000000, -12.50000000000000000 ) ) ;
#28 = LINE ( 'NONE', #342, #1318 ) ;
#29 = EDGE_CURVE ( 'NONE', #1487, #719, #1162, .T. ) ;
#30 = CARTESIAN_POINT ( 'NONE',  ( 7.005655424029999523, 3.000000000000000000, 9.667726759049999785 ) ) ;
#31 = EDGE_CURVE ( 'NONE', #939, #225, #1331, .T. ) ;
#32 = FACE_OUTER_BOUND ( 'NONE', #660, .T. ) ;
#33 = ORIENTED_EDGE ( 'NONE', *, *, #1767, .F. ) ;
#34 = DIRECTION ( 'NONE',  ( 1.000000000000000000, 0.000000000000000000, 0.000000000000000000 ) ) ;
#35 = ORIENTED_EDGE ( 'NONE', *, *, #1212, .F. ) ;
#36 = CARTESIAN_POINT ( 'NONE',  ( 7.000000000000000000, 3.000000000000000000, -5.120944352949999612 ) ) ;
#37 = CARTESIAN_POINT ( 'NONE',  ( -7.735136039940000430, 0.000000000000000000, 9.835324551070000254 ) ) ;
#38 = VECTOR ( 'NONE', #723, 1000.000000000000000 ) ;
#39 = ADVANCED_FACE ( 'NONE', ( #1609 ), #1316, .T. ) ;
#40 = CARTESIAN_POINT ( 'NONE',  ( -5.431416530159999922, 0.000000000000000000, -11.00000000000000000 ) ) ;
#41 = CARTESIAN_POINT ( 'NONE',  ( -8.500000000000000000, 3.000000000000000000, 4.166666666670000296 ) ) ;
#42 = VERTEX_POINT ( 'NONE', #577 ) ;
#43 = DIRECTION ( 'NONE',  ( 1.000000000000000000, 0.000000000000000000, 0.000000000000000000 ) ) ;
#44 = VECTOR ( 'NONE', #634, 1000.000000000000000 ) ;
#45 = ORIENTED_EDGE ( 'NONE', *, *, #188, .T. ) ;
#46 = CIRCLE ( 'NONE', #336, 1.499999998380000310 ) ;
#47 = CARTESIAN_POINT ( 'NONE',  ( 8.062051658950000643, 0.000000000000000000, -10.71238531740000077 ) ) ;
#48 = CARTESIAN_POINT ( 'NONE',  ( -7.387407924170000584, 0.000000000000000000, 9.715100823129999341 ) ) ;
#49 = EDGE_CURVE ( 'NONE', #964, #1565, #1357, .T. ) ;
#50 = CARTESIAN_POINT ( 'NONE',  ( -7.359991193900000006, 0.000000000000000000, -2.693665440589999793 ) ) ;
#51 = CARTESIAN_POINT ( 'NONE',  ( 5.390120942339999388, 3.000000000000000000, -11.22824352039999951 ) ) ;
#52 = VERTEX_POINT ( 'NONE', #1771 ) ;
#53 = CARTESIAN_POINT ( 'NONE',  ( -8.260286112500001110, 0.000000000000000000, -6.362208890559999830 ) ) ;
#54 = ORIENTED_EDGE ( 'NONE', *, *, #387, .F. ) ;
#55 = DIRECTION ( 'NONE',  ( 1.000000000000000000, 0.000000000000000000, 0.000000000000000000 ) ) ;
#56 = EDGE_CURVE ( 'NONE', #1016, #1296, #1815, .T. ) ;
#57 = CARTESIAN_POINT ( 'NONE',  ( -8.500000000000000000, 1.500000000000000000, -5.500000000000000000 ) ) ;
#58 = PLANE ( 'NONE',  #309 ) ;
#59 = EDGE_CURVE ( 'NONE', #971, #1271, #277, .T. ) ;
#60 = EDGE_LOOP ( 'NONE', ( #841, #1899, #1643, #615 ) ) ;
#61 = CARTESIAN_POINT ( 'NONE',  ( 7.500000000000000000, 3.000000000000000000, -10.62094435289999872 ) ) ;
#62 = EDGE_LOOP ( 'NONE', ( #775, #955, #1224, #1116 ) ) ;
#63 = ORIENTED_EDGE ( 'NONE', *, *, #658, .T. ) ;
#64 = CARTESIAN_POINT ( 'NONE',  ( 8.500000000000000000, 0.000000000000000000, 11.00000000000000000 ) ) ;
#65 = VECTOR ( 'NONE', #1208, 1000.000000000000000 ) ;
#66 = CARTESIAN_POINT ( 'NONE',  ( 7.503263445570000023, 3.000000000000000000, -10.62094435279999871 ) ) ;
#67 = CIRCLE ( 'NONE', #1719, 1.500000000000000000 ) ;
#68 = CARTESIAN_POINT ( 'NONE',  ( 6.010924241190000572, 3.000000000000000000, 11.39447762689999877 ) ) ;
#69 = ORIENTED_EDGE ( 'NONE', *, *, #990, .T. ) ;
#70 = CARTESIAN_POINT ( 'NONE',  ( -7.127852597259999534, 3.000000000000000000, 9.568028881210000947 ) ) ;
#71 = ORIENTED_EDGE ( 'NONE', *, *, #12, .F. ) ;
#72 = VERTEX_POINT ( 'NONE', #1324 ) ;
#73 = CARTESIAN_POINT ( 'NONE',  ( 3.183670966889999843, 0.000000000000000000, -11.00000000000000000 ) ) ;
#74 = VECTOR ( 'NONE', #1529, 1000.000000000000000 ) ;
#75 = CYLINDRICAL_SURFACE ( 'NONE', #487, 0.5000000000000004441 ) ;
#76 = B_SPLINE_CURVE_WITH_KNOTS ( 'NONE', 5,
 ( #136, #1959, #1667, #901, #1054, #596, #1205, #999, #157, #1456, #889, #546 ),
 .UNSPECIFIED., .F., .F.,
 ( 6, 3, 3, 6 ),
 ( 0.000000000000000000, 0.4114478460579999997, 0.8228956838500000037, 1.028261645680000003 ),
 .UNSPECIFIED. ) ;
#77 = B_SPLINE_CURVE_WITH_KNOTS ( 'NONE', 5,
 ( #345, #944, #459, #904, #172, #191, #795, #1045, #925, #631, #1251, #1378 ),
 .UNSPECIFIED., .F., .F.,
 ( 6, 3, 3, 6 ),
 ( 0.000000000000000000, 1.272763330910000157, 2.545526660090000171, 3.332101627190000137 ),
 .UNSPECIFIED. ) ;
#78 = CARTESIAN_POINT ( 'NONE',  ( -7.111304569269999654, 3.000000000000000000, -10.11366694640000041 ) ) ;
#79 = VERTEX_POINT ( 'NONE', #126 ) ;
#80 = LINE ( 'NONE', #1581, #903 ) ;
#81 = CIRCLE ( 'NONE', #1890, 1.499999998380000088 ) ;
#82 = EDGE_LOOP ( 'NONE', ( #1547, #92, #153, #467 ) ) ;
#83 = VERTEX_POINT ( 'NONE', #732 ) ;
#84 = DIRECTION ( 'NONE',  ( 0.000000000000000000, 0.000000000000000000, -1.000000000000000000 ) ) ;
#85 = EDGE_CURVE ( 'NONE', #306, #937, #201, .T. ) ;
#86 = DIRECTION ( 'NONE',  ( 0.000000000000000000, 1.000000000000000000, 0.000000000000000000 ) ) ;
#87 = EDGE_CURVE ( 'NONE', #583, #330, #1124, .T. ) ;
#88 = CARTESIAN_POINT ( 'NONE',  ( 8.500000000000000000, 0.000000000000000000, 3.212388981130000154 ) ) ;
#89 = ORIENTED_EDGE ( 'NONE', *, *, #1174, .T. ) ;
#90 = FACE_OUTER_BOUND ( 'NONE', #1348, .T. ) ;
#91 = ORIENTED_EDGE ( 'NONE', *, *, #894, .F. ) ;
#92 = ORIENTED_EDGE ( 'NONE', *, *, #387, .T. ) ;
#93 = DIRECTION ( 'NONE',  ( 5.782411586589358625E-16, 0.000000000000000000, -1.000000000000000000 ) ) ;
#94 = DIRECTION ( 'NONE',  ( 1.000000000000000000, 0.000000000000000000, 0.000000000000000000 ) ) ;
#95 = CARTESIAN_POINT ( 'NONE',  ( 5.897202244709999874, 0.000000000000000000, -12.14990169669999887 ) ) ;
#96 = EDGE_CURVE ( 'NONE', #426, #540, #1220, .T. ) ;
#97 = CARTESIAN_POINT ( 'NONE',  ( 7.503263445570000023, 0.000000000000000000, -10.62094435279999871 ) ) ;
#98 = VECTOR ( 'NONE', #1408, 1000.000000000000000 ) ;
#99 = FACE_OUTER_BOUND ( 'NONE', #1879, .T. ) ;
#100 = CARTESIAN_POINT ( 'NONE',  ( 7.000000000000000000, 3.000000000000000000, -10.12094435279999871 ) ) ;
#101 = VECTOR ( 'NONE', #1638, 1000.000000000000000 ) ;
#102 = CARTESIAN_POINT ( 'NONE',  ( 1.977138843139999880, 0.000000000000000000, 11.00000000000000000 ) ) ;
#103 = ORIENTED_EDGE ( 'NONE', *, *, #384, .F. ) ;
#104 = ORIENTED_EDGE ( 'NONE', *, *, #235, .T. ) ;
#105 = FACE_OUTER_BOUND ( 'NONE', #735, .T. ) ;
#106 = APPROVAL_STATUS ( 'not_yet_approved' ) ;
#107 = EDGE_LOOP ( 'NONE', ( #1725, #33, #635, #513 ) ) ;
#108 = EDGE_CURVE ( 'NONE', #1723, #1504, #1670, .T. ) ;
#109 = VECTOR ( 'NONE', #1245, 1000.000000000000000 ) ;
#110 = LINE ( 'NONE', #872, #1186 ) ;
#111 = ORIENTED_EDGE ( 'NONE', *, *, #1436, .F. ) ;
#112 = DIRECTION ( 'NONE',  ( -1.577021341800000075E-16, 0.000000000000000000, -1.000000000000000000 ) ) ;
#113 = ORIENTED_EDGE ( 'NONE', *, *, #916, .T. ) ;
#114 = CARTESIAN_POINT ( 'NONE',  ( 8.500000000000000000, -7.000000000000000000, -10.62094435289999872 ) ) ;
#115 = VECTOR ( 'NONE', #257, 1000.000000000000000 ) ;
#116 = PERSON_AND_ORGANIZATION ( #1446, #1250 ) ;
#117 = EDGE_LOOP ( 'NONE', ( #1665, #477, #591, #275 ) ) ;
#118 = ADVANCED_FACE ( 'NONE', ( #1820 ), #1683, .F. ) ;
#119 = EDGE_CURVE ( 'NONE', #1516, #868, #1298, .T. ) ;
#120 = CARTESIAN_POINT ( 'NONE',  ( 7.029614049350000116, 3.000000000000000000, -10.30737416989999922 ) ) ;
#121 = CARTESIAN_POINT ( 'NONE',  ( -8.473001224929999964, 0.000000000000000000, 2.473342136559999904 ) ) ;
#122 = ORIENTED_EDGE ( 'NONE', *, *, #1377, .T. ) ;
#123 = DIRECTION ( 'NONE',  ( 0.000000000000000000, 1.000000000000000000, 0.000000000000000000 ) ) ;
#124 = PERSON_AND_ORGANIZATION ( #1446, #1250 ) ;
#125 = EDGE_LOOP ( 'NONE', ( #987, #1164, #1896, #1751 ) ) ;
#126 = CARTESIAN_POINT ( 'NONE',  ( 0.4771388433869999668, 0.000000000000000000, 12.50000000000000000 ) ) ;
#127 = CARTESIAN_POINT ( 'NONE',  ( 7.000000000000000000, 0.000000000000000000, 6.045722313229999756 ) ) ;
#128 = LINE ( 'NONE', #1210, #1622 ) ;
#129 = CARTESIAN_POINT ( 'NONE',  ( -6.560249139510000660, 3.000000000000000000, -11.48754594819999930 ) ) ;
#130 = VERTEX_POINT ( 'NONE', #491 ) ;
#131 = ORIENTED_EDGE ( 'NONE', *, *, #299, .T. ) ;
#132 = CARTESIAN_POINT ( 'NONE',  ( 7.000000001620000134, 0.000000000000000000, 11.00000000159999836 ) ) ;
#133 =( LENGTH_UNIT ( ) NAMED_UNIT ( * ) SI_UNIT ( .MILLI., .METRE. ) );
#134 = VERTEX_POINT ( 'NONE', #1860 ) ;
#135 = PLANE ( 'NONE',  #1144 ) ;
#136 = CARTESIAN_POINT ( 'NONE',  ( -6.366288945079999984, 3.000000000000000000, 11.44209061940000005 ) ) ;
#137 = DIRECTION ( 'NONE',  ( 0.000000000000000000, -1.000000000000000000, 0.000000000000000000 ) ) ;
#138 = VECTOR ( 'NONE', #581, 1000.000000000000000 ) ;
#139 = CARTESIAN_POINT ( 'NONE',  ( 7.405884732260000547, 3.000000000000000000, -10.61351181640000085 ) ) ;
#140 = CARTESIAN_POINT ( 'NONE',  ( -7.613666942570000096, 0.000000000000000000, 1.444637901240000133 ) ) ;
#141 = DIRECTION ( 'NONE',  ( 0.000000000000000000, 1.000000000000000000, 0.000000000000000000 ) ) ;
#142 = VERTEX_POINT ( 'NONE', #1520 ) ;
#143 = CARTESIAN_POINT ( 'NONE',  ( -8.128832608359999767, 0.000000000000000000, 5.179120720620000284 ) ) ;
#144 = VERTEX_POINT ( 'NONE', #183 ) ;
#145 = AXIS2_PLACEMENT_3D ( 'NONE', #490, #1566, #1716 ) ;
#146 = DIRECTION ( 'NONE',  ( 0.000000000000000000, -1.000000000000000000, 0.000000000000000000 ) ) ;
#147 = DIRECTION ( 'NONE',  ( 1.000000000000000000, 0.000000000000000000, 0.000000000000000000 ) ) ;
#148 = EDGE_CURVE ( 'NONE', #576, #697, #470, .T. ) ;
#149 = DIRECTION ( 'NONE',  ( 0.000000000000000000, -1.000000000000000000, 0.000000000000000000 ) ) ;
#150 = CARTESIAN_POINT ( 'NONE',  ( 8.012454050649997939, 0.000000000000000000, 5.674554925659999860 ) ) ;
#151 = EDGE_CURVE ( 'NONE', #569, #225, #1475, .T. ) ;
#152 = DIRECTION ( 'NONE',  ( 0.000000000000000000, 0.000000000000000000, 1.000000000000000000 ) ) ;
#153 = ORIENTED_EDGE ( 'NONE', *, *, #1508, .F. ) ;
#154 = DIRECTION ( 'NONE',  ( 0.000000000000000000, 1.000000000000000000, 0.000000000000000000 ) ) ;
#155 = ORIENTED_EDGE ( 'NONE', *, *, #1744, .T. ) ;
#156 = LINE ( 'NONE', #1755, #1848 ) ;
#157 = CARTESIAN_POINT ( 'NONE',  ( -5.956831941379999940, 3.000000000000000000, 11.00637093890000173 ) ) ;
#158 = DIRECTION ( 'NONE',  ( 0.000000000000000000, 1.000000000000000000, 0.000000000000000000 ) ) ;
#159 = ADVANCED_FACE ( 'NONE', ( #639 ), #1832, .F. ) ;
#160 = CARTESIAN_POINT ( 'NONE',  ( 7.245296657619999969, 3.000000000000000000, 10.02109996509999945 ) ) ;
#161 = FACE_OUTER_BOUND ( 'NONE', #655, .T. ) ;
#162 = CARTESIAN_POINT ( 'NONE',  ( 7.000000000000000000, 3.000000000000000000, -12.50000000000000000 ) ) ;
#163 = ORIENTED_EDGE ( 'NONE', *, *, #180, .F. ) ;
#164 = CARTESIAN_POINT ( 'NONE',  ( -6.765110235919999937, 0.000000000000000000, 12.30523954890000127 ) ) ;
#165 = VECTOR ( 'NONE', #1710, 1000.000000000000000 ) ;
#166 = ORIENTED_EDGE ( 'NONE', *, *, #49, .T. ) ;
#167 = CARTESIAN_POINT ( 'NONE',  ( -7.500000000000000000, 3.000000000000000000, 9.227800568200001052 ) ) ;
#168 = CARTESIAN_POINT ( 'NONE',  ( -7.000000001620000134, 0.000000000000000000, -11.00000000159999836 ) ) ;
#169 = AXIS2_PLACEMENT_3D ( 'NONE', #1500, #141, #748 ) ;
#170 = ADVANCED_FACE ( 'NONE', ( #1850 ), #1070, .T. ) ;
#171 = B_SPLINE_CURVE_WITH_KNOTS ( 'NONE', 5,
 ( #285, #1817, #1, #453, #95, #1340, #910, #1194, #1363, #1053, #545, #1455 ),
 .UNSPECIFIED., .F., .F.,
 ( 6, 3, 3, 6 ),
 ( 0.000000000000000000, 1.272763326870000045, 2.545526649559999743, 2.796015870970000261 ),
 .UNSPECIFIED. ) ;
#172 = CARTESIAN_POINT ( 'NONE',  ( 8.260286112870000252, 0.000000000000000000, -2.925402129600000123 ) ) ;
#173 = AXIS2_PLACEMENT_3D ( 'NONE', #857, #830, #1732 ) ;
#174 = FACE_OUTER_BOUND ( 'NONE', #1432, .T. ) ;
#175 = VERTEX_POINT ( 'NONE', #40 ) ;
#176 = LINE ( 'NONE', #947, #1885 ) ;
#177 = ORIENTED_EDGE ( 'NONE', *, *, #943, .T. ) ;
#178 = DIRECTION ( 'NONE',  ( 0.000000000000000000, 1.000000000000000000, 0.000000000000000000 ) ) ;
#179 = DIRECTION ( 'NONE',  ( 0.000000000000000000, 1.000000000000000000, 0.000000000000000000 ) ) ;
#180 = EDGE_CURVE ( 'NONE', #576, #42, #77, .T. ) ;
#181 = EDGE_CURVE ( 'NONE', #1243, #1097, #800, .T. ) ;
#182 = AXIS2_PLACEMENT_3D ( 'NONE', #1067, #1679, #704 ) ;
#183 = CARTESIAN_POINT ( 'NONE',  ( -0.09808319620790000026, 0.000000000000000000, -12.50000000000000000 ) ) ;
#184 = CARTESIAN_POINT ( 'NONE',  ( 7.000000000000000000, 3.000000000000000000, 12.50000000000000000 ) ) ;
#185 = EDGE_LOOP ( 'NONE', ( #1141, #317, #111, #1872 ) ) ;
#186 = CARTESIAN_POINT ( 'NONE',  ( -7.000000000000000000, 3.000000000000000000, -0.6666666660460000005 ) ) ;
#187 = ORIENTED_EDGE ( 'NONE', *, *, #361, .F. ) ;
#188 = EDGE_CURVE ( 'NONE', #1504, #1523, #1558, .T. ) ;
#189 = CARTESIAN_POINT ( 'NONE',  ( 8.500000000000000000, 0.000000000000000000, -11.00000000000000000 ) ) ;
#190 = DIRECTION ( 'NONE',  ( 0.000000000000000000, 1.000000000000000000, 0.000000000000000000 ) ) ;
#191 = CARTESIAN_POINT ( 'NONE',  ( 8.012454051820000700, 0.000000000000000000, -2.658778409549999999 ) ) ;
#192 = FACE_OUTER_BOUND ( 'NONE', #625, .T. ) ;
#193 = EDGE_CURVE ( 'NONE', #671, #426, #969, .T. ) ;
#194 = ORIENTED_EDGE ( 'NONE', *, *, #680, .T. ) ;
#195 = CARTESIAN_POINT ( 'NONE',  ( -7.332443079169999933, 0.000000000000000000, -6.969063928910000705 ) ) ;
#196 = ADVANCED_FACE ( 'NONE', ( #1258 ), #75, .F. ) ;
#197 = ORIENTED_EDGE ( 'NONE', *, *, #1413, .F. ) ;
#198 = FACE_OUTER_BOUND ( 'NONE', #1673, .T. ) ;
#199 = DIRECTION ( 'NONE',  ( 0.000000000000000000, 1.000000000000000000, 0.000000000000000000 ) ) ;
#200 = VECTOR ( 'NONE', #1569, 1000.000000000000000 ) ;
#201 = CIRCLE ( 'NONE', #984, 1.499999998380000310 ) ;
#202 = FACE_OUTER_BOUND ( 'NONE', #185, .T. ) ;
#203 = LINE ( 'NONE', #184, #1222 ) ;
#204 = ORIENTED_EDGE ( 'NONE', *, *, #1556, .T. ) ;
#205 = CARTESIAN_POINT ( 'NONE',  ( 6.901916803790000721, 3.000000000000000000, -12.50000000000000000 ) ) ;
#206 = VECTOR ( 'NONE', #526, 1000.000000000000000 ) ;
#207 = ORIENTED_EDGE ( 'NONE', *, *, #1676, .F. ) ;
#208 = AXIS2_PLACEMENT_3D ( 'NONE', #1319, #571, #1595 ) ;
#209 = CARTESIAN_POINT ( 'NONE',  ( 7.000000000000000000, 0.000000000000000000, -10.12094435279999871 ) ) ;
#210 = AXIS2_PLACEMENT_3D ( 'NONE', #1741, #1907, #980 ) ;
#211 = CARTESIAN_POINT ( 'NONE',  ( -8.489688329699998093, 0.000000000000000000, -3.944189418640000167 ) ) ;
#212 = CIRCLE ( 'NONE', #431, 0.4999999989010002199 ) ;
#213 = CARTESIAN_POINT ( 'NONE',  ( 8.500000000000000000, 0.000000000000000000, -5.120944352820000489 ) ) ;
#214 = EDGE_LOOP ( 'NONE', ( #1393, #1488, #551, #728 ) ) ;
#215 = CARTESIAN_POINT ( 'NONE',  ( -7.000000000000000000, 3.000000000000000000, 9.280716201940000687 ) ) ;
#216 = VERTEX_POINT ( 'NONE', #509 ) ;
#217 = VERTEX_POINT ( 'NONE', #66 ) ;
#218 = CARTESIAN_POINT ( 'NONE',  ( 8.500000000000000000, 3.000000000000000000, -11.00000000000000000 ) ) ;
#219 = CARTESIAN_POINT ( 'NONE',  ( 7.000000000000000000, 3.000000000000000000, 9.585562455779999880 ) ) ;
#220 = EDGE_CURVE ( 'NONE', #42, #376, #379, .T. ) ;
#221 = PLANE ( 'NONE',  #1157 ) ;
#222 = ORIENTED_EDGE ( 'NONE', *, *, #828, .F. ) ;
#223 = DIRECTION ( 'NONE',  ( 0.000000000000000000, 1.000000000000000000, 0.000000000000000000 ) ) ;
#224 = ORIENTED_EDGE ( 'NONE', *, *, #1136, .F. ) ;
#225 = VERTEX_POINT ( 'NONE', #219 ) ;
#226 = PLANE ( 'NONE',  #456 ) ;
#227 = EDGE_CURVE ( 'NONE', #175, #782, #1266, .T. ) ;
#228 = LINE ( 'NONE', #676, #359 ) ;
#229 = CARTESIAN_POINT ( 'NONE',  ( 8.128832608770000689, 0.000000000000000000, 2.199934926950000147 ) ) ;
#230 = ORIENTED_EDGE ( 'NONE', *, *, #1478, .F. ) ;
#231 = DIRECTION ( 'NONE',  ( 0.000000000000000000, -1.000000000000000000, 0.000000000000000000 ) ) ;
#232 = EDGE_LOOP ( 'NONE', ( #1421, #1662, #1612, #1834 ) ) ;
#233 = DIRECTION ( 'NONE',  ( -1.000000000000000000, 0.000000000000000000, 0.000000000000000000 ) ) ;
#234 = VECTOR ( 'NONE', #7, 1000.000000000000000 ) ;
#235 = EDGE_CURVE ( 'NONE', #594, #1453, #1275, .T. ) ;
#236 = CARTESIAN_POINT ( 'NONE',  ( -7.000000001620000134, 3.000000000000000000, 4.166666667660000378 ) ) ;
#237 = DIRECTION ( 'NONE',  ( 0.000000000000000000, 1.000000000000000000, 0.000000000000000000 ) ) ;
#238 = AXIS2_PLACEMENT_3D ( 'NONE', #454, #911, #1217 ) ;
#239 = ORIENTED_EDGE ( 'NONE', *, *, #1087, .T. ) ;
#240 = CARTESIAN_POINT ( 'NONE',  ( -0.1895278235900000052, 3.000000000000000000, 12.50000000000000000 ) ) ;
#241 = ORIENTED_EDGE ( 'NONE', *, *, #357, .T. ) ;
#242 = EDGE_LOOP ( 'NONE', ( #1580, #241, #1630, #1575 ) ) ;
#243 = FACE_OUTER_BOUND ( 'NONE', #232, .T. ) ;
#244 = COORDINATED_UNIVERSAL_TIME_OFFSET ( 8, 0, .AHEAD. ) ;
#245 = EDGE_CURVE ( 'NONE', #1487, #876, #501, .T. ) ;
#246 = PRODUCT_DEFINITION_SHAPE ( 'NONE', 'NONE',  #1101 ) ;
#247 = CYLINDRICAL_SURFACE ( 'NONE', #292, 0.5000000000000004441 ) ;
#248 = CARTESIAN_POINT ( 'NONE',  ( 8.500000000000000000, 3.000000000000000000, -3.787611018869999846 ) ) ;
#249 = CARTESIAN_POINT ( 'NONE',  ( 6.010924241190000572, 3.000000000000000000, 11.39447762689999877 ) ) ;
#250 = CARTESIAN_POINT ( 'NONE',  ( 7.314032050629999837, 3.000000000000000000, -10.59142879049999841 ) ) ;
#251 = CARTESIAN_POINT ( 'NONE',  ( -0.8561944905670000328, 0.000000000000000000, 12.50000000000000000 ) ) ;
#252 = ADVANCED_FACE ( 'NONE', ( #1875 ), #1417, .T. ) ;
#253 = ORIENTED_EDGE ( 'NONE', *, *, #29, .T. ) ;
#254 = VERTEX_POINT ( 'NONE', #667 ) ;
#255 = CARTESIAN_POINT ( 'NONE',  ( -7.000000000000000000, 3.000000000000000000, 12.50000000000000000 ) ) ;
#256 = PERSON_AND_ORGANIZATION_ROLE ( 'creator' ) ;
#257 = DIRECTION ( 'NONE',  ( 0.000000000000000000, 0.000000000000000000, -1.000000000000000000 ) ) ;
#258 = CARTESIAN_POINT ( 'NONE',  ( -7.000000000000000000, 3.000000000000000000, 11.00000000000000000 ) ) ;
#259 = VECTOR ( 'NONE', #472, 1000.000000000000000 ) ;
#260 = CARTESIAN_POINT ( 'NONE',  ( -8.260286112660001123, 0.000000000000000000, 1.971124442069999816 ) ) ;
#261 = VERTEX_POINT ( 'NONE', #1102 ) ;
#262 = CARTESIAN_POINT ( 'NONE',  ( -7.000000000000000000, 0.000000000000000000, 5.666666666669999408 ) ) ;
#263 = PERSON_AND_ORGANIZATION ( #1446, #1250 ) ;
#264 = ORIENTED_EDGE ( 'NONE', *, *, #265, .F. ) ;
#265 = EDGE_CURVE ( 'NONE', #424, #1504, #1597, .T. ) ;
#266 = AXIS2_PLACEMENT_3D ( 'NONE', #132, #737, #1337 ) ;
#267 = CARTESIAN_POINT ( 'NONE',  ( -8.140008801959998763, 3.000000000000000000, -10.97300122480000084 ) ) ;
#268 = B_SPLINE_CURVE_WITH_KNOTS ( 'NONE', 5,
 ( #1769, #408, #1607, #1195, #1615, #1302, #2, #1007, #1518, #311, #741, #1341 ),
 .UNSPECIFIED., .F., .F.,
 ( 6, 3, 3, 6 ),
 ( 0.000000000000000000, 1.272763330580000130, 2.545526670460000140, 3.332101665460000639 ),
 .UNSPECIFIED. ) ;
#269 = CARTESIAN_POINT ( 'NONE',  ( -2.443870581370000128, 0.000000000000000000, -12.12883260999999990 ) ) ;
#270 = DIRECTION ( 'NONE',  ( 0.000000000000000000, 1.000000000000000000, 0.000000000000000000 ) ) ;
#271 = ORIENTED_EDGE ( 'NONE', *, *, #1849, .F. ) ;
#272 = CARTESIAN_POINT ( 'NONE',  ( -7.377322003750000690, 3.000000000000000000, 9.712517092819998865 ) ) ;
#273 = CIRCLE ( 'NONE', #182, 1.500000001560000795 ) ;
#274 =( NAMED_UNIT ( * ) PLANE_ANGLE_UNIT ( ) SI_UNIT ( $, .RADIAN. ) );
#275 = ORIENTED_EDGE ( 'NONE', *, *, #658, .F. ) ;
#276 = VECTOR ( 'NONE', #1134, 1000.000000000000000 ) ;
#277 = LINE ( 'NONE', #881, #38 ) ;
#278 = CARTESIAN_POINT ( 'NONE',  ( 1.391605133250000126, 0.000000000000000000, -11.22247724999999896 ) ) ;
#279 = PLANE ( 'NONE',  #578 ) ;
#280 = DIRECTION ( 'NONE',  ( -1.000000000000000000, 0.000000000000000000, 0.000000000000000000 ) ) ;
#281 = ORIENTED_EDGE ( 'NONE', *, *, #1938, .F. ) ;
#282 = CARTESIAN_POINT ( 'NONE',  ( 5.522186040540000285, 3.000000000000000000, 11.00000000000000000 ) ) ;
#283 = DATE_TIME_ROLE ( 'creation_date' ) ;
#284 = VERTEX_POINT ( 'NONE', #826 ) ;
#285 = CARTESIAN_POINT ( 'NONE',  ( 5.449548049079999679, 0.000000000000000000, -11.37500000000000000 ) ) ;
#286 = CARTESIAN_POINT ( 'NONE',  ( 8.469063928989999823, 0.000000000000000000, -5.453387431729999513 ) ) ;
#287 = ADVANCED_BREP_SHAPE_REPRESENTATION ( 'acrylic-0.5_light_new10', ( #1605, #1336 ), #1950 ) ;
#288 = DIRECTION ( 'NONE',  ( 1.000000000000000000, 0.000000000000000000, 0.000000000000000000 ) ) ;
#289 = DIRECTION ( 'NONE',  ( 1.000000000000000000, 0.000000000000000000, -1.577021341800000075E-16 ) ) ;
#290 = LINE ( 'NONE', #1071, #101 ) ;
#291 = CARTESIAN_POINT ( 'NONE',  ( -6.921104860509999845, 3.000000000000000000, -12.27752275960000006 ) ) ;
#292 = AXIS2_PLACEMENT_3D ( 'NONE', #167, #321, #1492 ) ;
#293 = EDGE_LOOP ( 'NONE', ( #325, #525, #898, #1845 ) ) ;
#294 = DIRECTION ( 'NONE',  ( 0.000000000000000000, -1.000000000000000000, 0.000000000000000000 ) ) ;
#295 = LOCAL_TIME ( 0, 13, 41.00000000000000000, #1766 ) ;
#296 = DIRECTION ( 'NONE',  ( 0.000000000000000000, 1.000000000000000000, 0.000000000000000000 ) ) ;
#297 = CARTESIAN_POINT ( 'NONE',  ( -7.000000000000000000, -7.000000000000000000, 5.666666666669999408 ) ) ;
#298 = CARTESIAN_POINT ( 'NONE',  ( 1.401916803910000064, -7.000000000000000000, -11.00000000000000000 ) ) ;
#299 = EDGE_CURVE ( 'NONE', #876, #374, #417, .T. ) ;
#300 = AXIS2_PLACEMENT_3D ( 'NONE', #303, #270, #1510 ) ;
#301 = AXIS2_PLACEMENT_3D ( 'NONE', #168, #1494, #1353 ) ;
#302 = CARTESIAN_POINT ( 'NONE',  ( -7.000000000000000000, 0.000000000000000000, -8.250000000000000000 ) ) ;
#303 = CARTESIAN_POINT ( 'NONE',  ( -7.000000001620000134, 3.000000000000000000, 2.833333332340000066 ) ) ;
#304 = CARTESIAN_POINT ( 'NONE',  ( 7.000000000000000000, 0.000000000000000000, 12.50000000000000000 ) ) ;
#305 = VECTOR ( 'NONE', #1563, 1000.000000000000000 ) ;
#306 = VERTEX_POINT ( 'NONE', #1438 ) ;
#307 = CARTESIAN_POINT ( 'NONE',  ( -1.216185687819999917, 0.000000000000000000, 12.47300122500000086 ) ) ;
#308 = ORIENTED_EDGE ( 'NONE', *, *, #1923, .T. ) ;
#309 = AXIS2_PLACEMENT_3D ( 'NONE', #1121, #1410, #1543 ) ;
#310 = CARTESIAN_POINT ( 'NONE',  ( 8.500000000000000000, 1.500000000000000000, 4.545722313229999756 ) ) ;
#311 = CARTESIAN_POINT ( 'NONE',  ( 0.6996160915860000218, 0.000000000000000000, 12.48968832959999808 ) ) ;
#312 = CARTESIAN_POINT ( 'NONE',  ( 7.000000000000000000, 0.000000000000000000, -6.620944352949999612 ) ) ;
#313 = ADVANCED_FACE ( 'NONE', ( #202 ), #518, .T. ) ;
#314 = DIRECTION ( 'NONE',  ( 0.000000000000000000, 1.000000000000000000, 0.000000000000000000 ) ) ;
#315 = CARTESIAN_POINT ( 'NONE',  ( -7.000000000000000000, 0.000000000000000000, 1.333333333950000199 ) ) ;
#316 = PLANE ( 'NONE',  #1082 ) ;
#317 = ORIENTED_EDGE ( 'NONE', *, *, #59, .F. ) ;
#318 = CARTESIAN_POINT ( 'NONE',  ( -6.476653805470000691, 0.000000000000000000, 11.88652791829999877 ) ) ;
#319 = CC_DESIGN_PERSON_AND_ORGANIZATION_ASSIGNMENT ( #407, #1005, ( #1737 ) ) ;
#320 = VERTEX_POINT ( 'NONE', #1738 ) ;
#321 = DIRECTION ( 'NONE',  ( 0.000000000000000000, -1.000000000000000000, 0.000000000000000000 ) ) ;
#322 = LINE ( 'NONE', #558, #560 ) ;
#323 = DIRECTION ( 'NONE',  ( 0.000000000000000000, 1.000000000000000000, 0.000000000000000000 ) ) ;
#324 = CARTESIAN_POINT ( 'NONE',  ( 5.522186040880000313, 3.000000000000000000, 11.00000000000000000 ) ) ;
#325 = ORIENTED_EDGE ( 'NONE', *, *, #885, .T. ) ;
#326 = CARTESIAN_POINT ( 'NONE',  ( -7.000000000000000000, -7.000000000000000000, 5.666666666669999408 ) ) ;
#327 = EDGE_CURVE ( 'NONE', #254, #1865, #228, .T. ) ;
#328 = EDGE_CURVE ( 'NONE', #401, #1704, #843, .T. ) ;
#329 = VECTOR ( 'NONE', #146, 1000.000000000000000 ) ;
#330 = VERTEX_POINT ( 'NONE', #1426 ) ;
#331 = DIRECTION ( 'NONE',  ( 0.000000000000000000, 1.000000000000000000, 0.000000000000000000 ) ) ;
#332 = DIRECTION ( 'NONE',  ( 1.000000000000000000, 0.000000000000000000, 0.000000000000000000 ) ) ;
#333 = EDGE_CURVE ( 'NONE', #216, #540, #1692, .T. ) ;
#334 = FACE_OUTER_BOUND ( 'NONE', #125, .T. ) ;
#335 = DIRECTION ( 'NONE',  ( 0.000000000000000000, 0.000000000000000000, 1.000000000000000000 ) ) ;
#336 = AXIS2_PLACEMENT_3D ( 'NONE', #480, #1830, #1218 ) ;
#337 = DIRECTION ( 'NONE',  ( 1.000000000000000000, 0.000000000000000000, 0.000000000000000000 ) ) ;
#338 = ORIENTED_EDGE ( 'NONE', *, *, #414, .T. ) ;
#339 = DIRECTION ( 'NONE',  ( 0.000000000000000000, 0.000000000000000000, -1.000000000000000000 ) ) ;
#340 = ORIENTED_EDGE ( 'NONE', *, *, #49, .F. ) ;
#341 = CARTESIAN_POINT ( 'NONE',  ( 7.546853010099999537, 0.000000000000000000, -10.62094435279999871 ) ) ;
#342 = CARTESIAN_POINT ( 'NONE',  ( 8.500000000000000000, 3.000000000000000000, 3.879055647179999955 ) ) ;
#343 = VECTOR ( 'NONE', #967, 1000.000000000000000 ) ;
#344 = EDGE_CURVE ( 'NONE', #381, #939, #1666, .T. ) ;
#345 = CARTESIAN_POINT ( 'NONE',  ( 8.500000000000000000, 0.000000000000000000, -3.787611018869999846 ) ) ;
#346 = DIRECTION ( 'NONE',  ( 0.000000000000000000, 1.000000000000000000, 0.000000000000000000 ) ) ;
#347 = EDGE_LOOP ( 'NONE', ( #566, #1467, #1193, #1634 ) ) ;
#348 = DIRECTION ( 'NONE',  ( 1.000000000000000000, 0.000000000000000000, 0.000000000000000000 ) ) ;
#349 = VERTEX_POINT ( 'NONE', #1216 ) ;
#350 = CARTESIAN_POINT ( 'NONE',  ( 5.449548048899999664, 3.000000000000000000, -11.37500000000000000 ) ) ;
#351 = LINE ( 'NONE', #1107, #1282 ) ;
#352 = DIRECTION ( 'NONE',  ( 0.000000000000000000, 1.000000000000000000, 0.000000000000000000 ) ) ;
#353 = DIRECTION ( 'NONE',  ( 0.000000000000000000, 1.000000000000000000, 0.000000000000000000 ) ) ;
#354 = ORIENTED_EDGE ( 'NONE', *, *, #1238, .T. ) ;
#355 = DIRECTION ( 'NONE',  ( 0.000000000000000000, 1.000000000000000000, 0.000000000000000000 ) ) ;
#356 = ORIENTED_EDGE ( 'NONE', *, *, #1074, .F. ) ;
#357 = EDGE_CURVE ( 'NONE', #820, #1537, #1644, .T. ) ;
#358 = CARTESIAN_POINT ( 'NONE',  ( -7.000000000000000000, 3.000000000000000000, 12.50000000000000000 ) ) ;
#359 = VECTOR ( 'NONE', #1283, 1000.000000000000000 ) ;
#360 = VECTOR ( 'NONE', #331, 1000.000000000000000 ) ;
#361 = EDGE_CURVE ( 'NONE', #719, #1562, #156, .T. ) ;
#362 = CARTESIAN_POINT ( 'NONE',  ( -7.534604450569999834, 0.000000000000000000, -2.747679257900000227 ) ) ;
#363 = FACE_OUTER_BOUND ( 'NONE', #1795, .T. ) ;
#364 = EDGE_LOOP ( 'NONE', ( #1949, #838, #1182, #377 ) ) ;
#365 = DIRECTION ( 'NONE',  ( 0.000000000000000000, -1.000000000000000000, 0.000000000000000000 ) ) ;
#366 = AXIS2_PLACEMENT_3D ( 'NONE', #549, #223, #695 ) ;
#367 = ORIENTED_EDGE ( 'NONE', *, *, #1531, .T. ) ;
#368 = ORIENTED_EDGE ( 'NONE', *, *, #718, .T. ) ;
#369 = CARTESIAN_POINT ( 'NONE',  ( -8.165969435369998308, 0.000000000000000000, 10.16976479060000038 ) ) ;
#370 = ADVANCED_FACE ( 'NONE', ( #1505 ), #740, .F. ) ;
#371 = DIRECTION ( 'NONE',  ( 0.000000000000000000, -1.000000000000000000, 0.000000000000000000 ) ) ;
#372 = CIRCLE ( 'NONE', #499, 0.4999999995319998058 ) ;
#373 = CARTESIAN_POINT ( 'NONE',  ( 7.503263441219999663, 3.000000000000000000, -12.12094436559999977 ) ) ;
#374 = VERTEX_POINT ( 'NONE', #1901 ) ;
#375 = CARTESIAN_POINT ( 'NONE',  ( -7.000000000000000000, 3.000000000000000000, 9.227800568570001971 ) ) ;
#376 = VERTEX_POINT ( 'NONE', #1204 ) ;
#377 = ORIENTED_EDGE ( 'NONE', *, *, #1923, .F. ) ;
#378 = CYLINDRICAL_SURFACE ( 'NONE', #1668, 1.500000000000000000 ) ;
#379 = LINE ( 'NONE', #1560, #1044 ) ;
#380 = CARTESIAN_POINT ( 'NONE',  ( 7.534604447919999615, 0.000000000000000000, 1.793401569839999876 ) ) ;
#381 = VERTEX_POINT ( 'NONE', #398 ) ;
#382 = DIRECTION ( 'NONE',  ( 1.000000000000000000, 0.000000000000000000, 0.000000000000000000 ) ) ;
#383 = ORIENTED_EDGE ( 'NONE', *, *, #531, .T. ) ;
#384 = EDGE_CURVE ( 'NONE', #1226, #1277, #595, .T. ) ;
#385 = LINE ( 'NONE', #983, #1466 ) ;
#386 = B_SPLINE_CURVE_WITH_KNOTS ( 'NONE', 5,
 ( #1629, #875, #858, #1924, #1172, #129, #1942, #403, #1933, #291, #696, #1909 ),
 .UNSPECIFIED., .F., .F.,
 ( 6, 3, 3, 6 ),
 ( 0.000000000000000000, 1.272763331019999944, 2.545526660380000195, 3.332101627879999750 ),
 .UNSPECIFIED. ) ;
#387 = EDGE_CURVE ( 'NONE', #225, #602, #888, .T. ) ;
#388 = VECTOR ( 'NONE', #1693, 1000.000000000000000 ) ;
#389 = CARTESIAN_POINT ( 'NONE',  ( -5.431416529420000749, 1.500000000000000000, -11.00000000000000000 ) ) ;
#390 = CARTESIAN_POINT ( 'NONE',  ( -7.637791109440000170, 3.000000000000000000, -10.76028611249999933 ) ) ;
#391 = ORIENTED_EDGE ( 'NONE', *, *, #815, .T. ) ;
#392 = CARTESIAN_POINT ( 'NONE',  ( -7.000000000000000000, 0.000000000000000000, 12.50000000000000000 ) ) ;
#393 = ADVANCED_FACE ( 'NONE', ( #1807 ), #763, .F. ) ;
#394 = ORIENTED_EDGE ( 'NONE', *, *, #824, .F. ) ;
#395 = DIRECTION ( 'NONE',  ( -1.000000000000000000, 0.000000000000000000, 1.577021341800000075E-16 ) ) ;
#396 = PERSON_AND_ORGANIZATION ( #1446, #1250 ) ;
#397 = CIRCLE ( 'NONE', #808, 1.500000001559999907 ) ;
#398 = CARTESIAN_POINT ( 'NONE',  ( 7.000000000000000000, 0.000000000000000000, 6.045722313229999756 ) ) ;
#399 = EDGE_CURVE ( 'NONE', #261, #820, #171, .T. ) ;
#400 = CARTESIAN_POINT ( 'NONE',  ( 0.4771388433869999668, 3.000000000000000000, 12.50000000000000000 ) ) ;
#401 = VERTEX_POINT ( 'NONE', #619 ) ;
#402 = DIRECTION ( 'NONE',  ( 0.000000000000000000, -1.000000000000000000, 0.000000000000000000 ) ) ;
#403 = CARTESIAN_POINT ( 'NONE',  ( -6.820111959369999255, 3.000000000000000000, -11.88633305189999945 ) ) ;
#404 = ORIENTED_EDGE ( 'NONE', *, *, #1944, .F. ) ;
#405 = VERTEX_POINT ( 'NONE', #1828 ) ;
#406 = DIRECTION ( 'NONE',  ( 0.000000000000000000, -1.000000000000000000, 0.000000000000000000 ) ) ;
#407 = PERSON_AND_ORGANIZATION ( #1446, #1250 ) ;
#408 = CARTESIAN_POINT ( 'NONE',  ( 1.977138843390000122, 0.000000000000000000, 11.17999591640000112 ) ) ;
#409 = CARTESIAN_POINT ( 'NONE',  ( 7.000000000000000000, 0.000000000000000000, 1.712388980380000092 ) ) ;
#410 = CARTESIAN_POINT ( 'NONE',  ( -2.045083475739999823, 0.000000000000000000, -12.38869543080000213 ) ) ;
#411 = DIRECTION ( 'NONE',  ( 0.000000000000000000, -1.000000000000000000, 0.000000000000000000 ) ) ;
#412 = LINE ( 'NONE', #1181, #1056 ) ;
#413 = VERTEX_POINT ( 'NONE', #998 ) ;
#414 = EDGE_CURVE ( 'NONE', #690, #1523, #1066, .T. ) ;
#415 = DIRECTION ( 'NONE',  ( 0.000000000000000000, 1.000000000000000000, 0.000000000000000000 ) ) ;
#416 = ORIENTED_EDGE ( 'NONE', *, *, #235, .F. ) ;
#417 = CIRCLE ( 'NONE', #1783, 1.499999998380000310 ) ;
#418 = CARTESIAN_POINT ( 'NONE',  ( -7.965395553199999590, 3.000000000000000000, -10.91898741000000150 ) ) ;
#419 = CARTESIAN_POINT ( 'NONE',  ( -2.850403937959999467, 0.000000000000000000, -11.53460445129999989 ) ) ;
#420 = VECTOR ( 'NONE', #589, 1000.000000000000000 ) ;
#421 = CARTESIAN_POINT ( 'NONE',  ( 1.290612235469999813, 0.000000000000000000, -11.61366694370000019 ) ) ;
#422 = ORIENTED_EDGE ( 'NONE', *, *, #1929, .F. ) ;
#423 = CARTESIAN_POINT ( 'NONE',  ( -7.534604448690000567, 0.000000000000000000, 5.585654076970000048 ) ) ;
#424 = VERTEX_POINT ( 'NONE', #1606 ) ;
#425 = AXIS2_PLACEMENT_3D ( 'NONE', #1752, #395, #993 ) ;
#426 = VERTEX_POINT ( 'NONE', #1678 ) ;
#427 = CARTESIAN_POINT ( 'NONE',  ( -7.000000000000000000, 3.000000000000000000, 12.50000000000000000 ) ) ;
#428 = DIRECTION ( 'NONE',  ( 1.000000000000000000, 0.000000000000000000, 0.000000000000000000 ) ) ;
#429 = EDGE_LOOP ( 'NONE', ( #1065, #678, #35, #1554 ) ) ;
#430 = CARTESIAN_POINT ( 'NONE',  ( -7.862208888870000578, 0.000000000000000000, 5.426952780889999772 ) ) ;
#431 = AXIS2_PLACEMENT_3D ( 'NONE', #1866, #646, #960 ) ;
#432 = CYLINDRICAL_SURFACE ( 'NONE', #457, 1.500000000000000000 ) ;
#433 = ORIENTED_EDGE ( 'NONE', *, *, #1867, .F. ) ;
#434 = CARTESIAN_POINT ( 'NONE',  ( -8.500000000000000000, -7.000000000000000000, -11.00000000000000000 ) ) ;
#435 = ADVANCED_FACE ( 'NONE', ( #776 ), #247, .F. ) ;
#436 = LINE ( 'NONE', #1801, #701 ) ;
#437 = DIRECTION ( 'NONE',  ( 0.000000000000000000, 1.000000000000000000, 0.000000000000000000 ) ) ;
#438 = FACE_OUTER_BOUND ( 'NONE', #242, .T. ) ;
#439 = ORIENTED_EDGE ( 'NONE', *, *, #1478, .T. ) ;
#440 = LINE ( 'NONE', #1360, #869 ) ;
#441 = ADVANCED_FACE ( 'NONE', ( #1035 ), #135, .F. ) ;
#442 = CARTESIAN_POINT ( 'NONE',  ( 7.000000000000000000, 1.500000000000000000, 9.585562455030000706 ) ) ;
#443 = LINE ( 'NONE', #1653, #1027 ) ;
#444 = CARTESIAN_POINT ( 'NONE',  ( 7.000000001620000134, 0.000000000000000000, -11.00000000159999836 ) ) ;
#445 = CARTESIAN_POINT ( 'NONE',  ( 5.576511304099999400, 3.000000000000000000, 11.00000000000000000 ) ) ;
#446 = FACE_OUTER_BOUND ( 'NONE', #582, .T. ) ;
#447 = VECTOR ( 'NONE', #1227, 1000.000000000000000 ) ;
#448 = ORIENTED_EDGE ( 'NONE', *, *, #1849, .T. ) ;
#449 = APPROVAL_PERSON_ORGANIZATION ( #116, #522, #1310 ) ;
#450 = EDGE_CURVE ( 'NONE', #1214, #261, #1906, .T. ) ;
#451 = DIRECTION ( 'NONE',  ( 0.000000000000000000, -1.000000000000000000, 0.000000000000000000 ) ) ;
#452 = ORIENTED_EDGE ( 'NONE', *, *, #1092, .F. ) ;
#453 = CARTESIAN_POINT ( 'NONE',  ( 5.661639265800000764, 0.000000000000000000, -11.87237538599999986 ) ) ;
#454 = CARTESIAN_POINT ( 'NONE',  ( -2.931416529419999861, -7.000000000000000000, -11.00000000000000000 ) ) ;
#455 = DIRECTION ( 'NONE',  ( -1.000000000000000000, 0.000000000000000000, 0.000000000000000000 ) ) ;
#456 = AXIS2_PLACEMENT_3D ( 'NONE', #255, #1281, #406 ) ;
#457 = AXIS2_PLACEMENT_3D ( 'NONE', #565, #700, #995 ) ;
#458 = LINE ( 'NONE', #482, #234 ) ;
#459 = CARTESIAN_POINT ( 'NONE',  ( 8.473001225069999975, 0.000000000000000000, -3.427619822379999626 ) ) ;
#460 = EDGE_CURVE ( 'NONE', #306, #982, #799, .T. ) ;
#461 = DIRECTION ( 'NONE',  ( 0.000000000000000000, 0.000000000000000000, 1.000000000000000000 ) ) ;
#462 = ADVANCED_FACE ( 'NONE', ( #198 ), #792, .T. ) ;
#463 = FACE_OUTER_BOUND ( 'NONE', #117, .T. ) ;
#464 = VECTOR ( 'NONE', #231, 1000.000000000000000 ) ;
#465 = ORIENTED_EDGE ( 'NONE', *, *, #21, .F. ) ;
#466 = DIRECTION ( 'NONE',  ( -1.000000000000000000, 0.000000000000000000, -1.408839003530000078E-14 ) ) ;
#467 = ORIENTED_EDGE ( 'NONE', *, *, #344, .T. ) ;
#468 = CARTESIAN_POINT ( 'NONE',  ( 6.901916803910000731, 3.000000000000000000, -12.50000000000000000 ) ) ;
#469 = CARTESIAN_POINT ( 'NONE',  ( -6.931416530159999034, 3.000000000000000000, -12.50000000000000000 ) ) ;
#470 = LINE ( 'NONE', #1550, #731 ) ;
#471 = EDGE_CURVE ( 'NONE', #982, #1243, #785, .T. ) ;
#472 = DIRECTION ( 'NONE',  ( 0.000000000000000000, -1.000000000000000000, 0.000000000000000000 ) ) ;
#473 = ORIENTED_EDGE ( 'NONE', *, *, #148, .F. ) ;
#474 = VECTOR ( 'NONE', #55, 1000.000000000000000 ) ;
#475 = DIRECTION ( 'NONE',  ( 0.000000000000000000, 1.000000000000000000, 0.000000000000000000 ) ) ;
#476 = ADVANCED_FACE ( 'NONE', ( #1374 ), #1539, .T. ) ;
#477 = ORIENTED_EDGE ( 'NONE', *, *, #528, .F. ) ;
#478 = DIRECTION ( 'NONE',  ( 0.000000000000000000, -1.000000000000000000, 0.000000000000000000 ) ) ;
#479 = CARTESIAN_POINT ( 'NONE',  ( -7.380686436439999554, 0.000000000000000000, 9.713368603969998460 ) ) ;
#480 = CARTESIAN_POINT ( 'NONE',  ( -7.000000001620000134, 3.000000000000000000, 11.00000000159999836 ) ) ;
#481 = B_SPLINE_CURVE_WITH_KNOTS ( 'NONE', 5,
 ( #1412, #661, #1674, #318, #919, #164, #774, #1372, #392 ),
 .UNSPECIFIED., .F., .F.,
 ( 6, 3, 6 ),
 ( 0.000000000000000000, 1.078349483070000003, 1.797256099129999951 ),
 .UNSPECIFIED. ) ;
#482 = CARTESIAN_POINT ( 'NONE',  ( 3.183670966889999843, 3.000000000000000000, -11.00000000000000000 ) ) ;
#483 = CARTESIAN_POINT ( 'NONE',  ( 6.079771258310000093, 0.000000000000000000, 11.64627938669999985 ) ) ;
#484 = CARTESIAN_POINT ( 'NONE',  ( 4.965425130809999921, 3.000000000000000000, -11.00000000000000000 ) ) ;
#485 = ORIENTED_EDGE ( 'NONE', *, *, #990, .F. ) ;
#486 = CARTESIAN_POINT ( 'NONE',  ( -7.613666946450000417, 0.000000000000000000, -6.888695430730000346 ) ) ;
#487 = AXIS2_PLACEMENT_3D ( 'NONE', #977, #1447, #1718 ) ;
#488 = VERTEX_POINT ( 'NONE', #941 ) ;
#489 = FACE_OUTER_BOUND ( 'NONE', #1733, .T. ) ;
#490 = CARTESIAN_POINT ( 'NONE',  ( -7.000000001620000134, 3.000000000000000000, -11.00000000159999836 ) ) ;
#491 = CARTESIAN_POINT ( 'NONE',  ( 7.000000000000000000, 3.000000000000000000, 12.50000000000000000 ) ) ;
#492 = AXIS2_PLACEMENT_3D ( 'NONE', #755, #890, #765 ) ;
#493 = CARTESIAN_POINT ( 'NONE',  ( 7.000000000000000000, 3.000000000000000000, -8.370944352819998713 ) ) ;
#494 = ORIENTED_EDGE ( 'NONE', *, *, #31, .F. ) ;
#495 = LINE ( 'NONE', #186, #779 ) ;
#496 = VERTEX_POINT ( 'NONE', #16 ) ;
#497 = DIRECTION ( 'NONE',  ( 0.000000000000000000, 0.000000000000000000, -1.000000000000000000 ) ) ;
#498 = DIRECTION ( 'NONE',  ( 0.000000000000000000, 1.000000000000000000, 0.000000000000000000 ) ) ;
#499 = AXIS2_PLACEMENT_3D ( 'NONE', #1838, #190, #777 ) ;
#500 = APPLICATION_CONTEXT ( 'configuration controlled 3d designs of mechanical parts and assemblies' ) ;
#501 = LINE ( 'NONE', #985, #200 ) ;
#502 = CARTESIAN_POINT ( 'NONE',  ( 5.044434426549999628, 3.000000000000000000, -11.00522735920000095 ) ) ;
#503 = EDGE_CURVE ( 'NONE', #671, #1870, #1394, .T. ) ;
#504 = ORIENTED_EDGE ( 'NONE', *, *, #1284, .F. ) ;
#505 = CARTESIAN_POINT ( 'NONE',  ( -1.431416530160000145, 3.000000000000000000, -12.50000000000000000 ) ) ;
#506 = ORIENTED_EDGE ( 'NONE', *, *, #1068, .T. ) ;
#507 = LINE ( 'NONE', #1847, #1542 ) ;
#508 = ADVANCED_FACE ( 'NONE', ( #489 ), #628, .T. ) ;
#509 = CARTESIAN_POINT ( 'NONE',  ( -7.000000000000000000, 0.000000000000000000, -2.666666666669999852 ) ) ;
#510 = CARTESIAN_POINT ( 'NONE',  ( -0.09808319608970000880, -7.000000000000000000, -11.00000000000000000 ) ) ;
#511 = ORIENTED_EDGE ( 'NONE', *, *, #344, .F. ) ;
#512 = CARTESIAN_POINT ( 'NONE',  ( -7.301741741560000776, 3.000000000000000000, 9.687956729639999764 ) ) ;
#513 = ORIENTED_EDGE ( 'NONE', *, *, #1682, .T. ) ;
#514 = EDGE_CURVE ( 'NONE', #840, #1453, #67, .T. ) ;
#515 = ORIENTED_EDGE ( 'NONE', *, *, #59, .T. ) ;
#516 = CARTESIAN_POINT ( 'NONE',  ( -8.500000000000000000, 0.000000000000000000, 11.00000000000000000 ) ) ;
#517 = VECTOR ( 'NONE', #952, 1000.000000000000000 ) ;
#518 = CYLINDRICAL_SURFACE ( 'NONE', #612, 1.499999999999999556 ) ;
#519 = DIRECTION ( 'NONE',  ( 0.000000000000000000, 1.000000000000000000, 0.000000000000000000 ) ) ;
#520 = VERTEX_POINT ( 'NONE', #350 ) ;
#521 = CYLINDRICAL_SURFACE ( 'NONE', #366, 1.500000000000000000 ) ;
#522 = APPROVAL ( #106, '未' ) ;
#523 = AXIS2_PLACEMENT_3D ( 'NONE', #1513, #154, #761 ) ;
#524 = ORIENTED_EDGE ( 'NONE', *, *, #575, .T. ) ;
#525 = ORIENTED_EDGE ( 'NONE', *, *, #1026, .T. ) ;
#526 = DIRECTION ( 'NONE',  ( 1.000000000000000000, 0.000000000000000000, 0.000000000000000000 ) ) ;
#527 = DIRECTION ( 'NONE',  ( 0.000000000000000000, -1.000000000000000000, 0.000000000000000000 ) ) ;
#528 = EDGE_CURVE ( 'NONE', #284, #974, #1688, .T. ) ;
#529 = CARTESIAN_POINT ( 'NONE',  ( 8.242448650290000955, 0.000000000000000000, -5.990224824379999369 ) ) ;
#530 = VERTEX_POINT ( 'NONE', #932 ) ;
#531 = EDGE_CURVE ( 'NONE', #1706, #216, #636, .T. ) ;
#532 = CARTESIAN_POINT ( 'NONE',  ( 7.102793088190000326, 3.000000000000000000, 11.54572231179999875 ) ) ;
#533 = ORIENTED_EDGE ( 'NONE', *, *, #87, .T. ) ;
#534 = DIRECTION ( 'NONE',  ( 0.000000000000000000, -1.000000000000000000, 0.000000000000000000 ) ) ;
#535 = CARTESIAN_POINT ( 'NONE',  ( 3.749662442129999995, 3.000000000000000000, 11.00000000000000000 ) ) ;
#536 = EDGE_CURVE ( 'NONE', #83, #144, #290, .T. ) ;
#537 = DIRECTION ( 'NONE',  ( 1.000000000000000000, 0.000000000000000000, 0.000000000000000000 ) ) ;
#538 = ORIENTED_EDGE ( 'NONE', *, *, #1160, .F. ) ;
#539 = DIRECTION ( 'NONE',  ( 0.000000000000000000, 1.000000000000000000, 0.000000000000000000 ) ) ;
#540 = VERTEX_POINT ( 'NONE', #1833 ) ;
#541 = ORIENTED_EDGE ( 'NONE', *, *, #949, .F. ) ;
#542 = FACE_OUTER_BOUND ( 'NONE', #347, .T. ) ;
#543 = ADVANCED_FACE ( 'NONE', ( #1333 ), #279, .T. ) ;
#544 = ADVANCED_FACE ( 'NONE', ( #446 ), #1803, .T. ) ;
#545 = CARTESIAN_POINT ( 'NONE',  ( 6.866492278379999981, 0.000000000000000000, -12.50000000000000000 ) ) ;
#546 = CARTESIAN_POINT ( 'NONE',  ( -5.869653764050000611, 3.000000000000000000, 11.00000000000000000 ) ) ;
#547 = CARTESIAN_POINT ( 'NONE',  ( -2.931416530160000367, 3.000000000000000000, -11.00000000000000000 ) ) ;
#548 = ORIENTED_EDGE ( 'NONE', *, *, #1650, .T. ) ;
#549 = CARTESIAN_POINT ( 'NONE',  ( 7.000000000000000000, -7.000000000000000000, -3.787611019620000352 ) ) ;
#550 = EDGE_LOOP ( 'NONE', ( #1804, #959, #1048, #1836, #354, #239, #1910, #1623, #1687, #991, #1712, #230, #1599, #662, #131, #563, #1320, #1125, #928, #1740, #113, #849, #979, #946, #1063, #416, #722, #644, #1734, #548, #1611, #494, #1001, #720, #1863, #789, #69, #1601, #1892, #694, #166, #1935, #368, #831, #1149, #1966, #194, #1440, #1429 ) ) ;
#551 = ORIENTED_EDGE ( 'NONE', *, *, #1559, .F. ) ;
#552 = AXIS2_PLACEMENT_3D ( 'NONE', #1864, #1545, #339 ) ;
#553 = CARTESIAN_POINT ( 'NONE',  ( -7.000000000000000000, -7.000000000000000000, -5.500000000000000000 ) ) ;
#554 = APPROVAL_DATE_TIME ( #1633, #1483 ) ;
#555 = CIRCLE ( 'NONE', #1754, 1.499999998679999003 ) ;
#556 = VECTOR ( 'NONE', #84, 1000.000000000000000 ) ;
#557 = DIRECTION ( 'NONE',  ( 0.000000000000000000, 1.000000000000000000, 0.000000000000000000 ) ) ;
#558 = CARTESIAN_POINT ( 'NONE',  ( -6.366288945580000025, 3.000000000000000000, 11.44209061849999998 ) ) ;
#559 = DIRECTION ( 'NONE',  ( 1.000000000000000000, 0.000000000000000000, 0.000000000000000000 ) ) ;
#560 = VECTOR ( 'NONE', #922, 1000.000000000000000 ) ;
#561 = CARTESIAN_POINT ( 'NONE',  ( 7.000000000000000000, 0.000000000000000000, -8.370944352819998713 ) ) ;
#562 = CARTESIAN_POINT ( 'NONE',  ( 8.260286112720001128, 0.000000000000000000, 5.407931204889999677 ) ) ;
#563 = ORIENTED_EDGE ( 'NONE', *, *, #1377, .F. ) ;
#564 = DIRECTION ( 'NONE',  ( -1.000000000000000000, 0.000000000000000000, 0.000000000000000000 ) ) ;
#565 = CARTESIAN_POINT ( 'NONE',  ( -7.000000000000000000, 3.000000000000000000, 4.166666666670000296 ) ) ;
#566 = ORIENTED_EDGE ( 'NONE', *, *, #148, .T. ) ;
#567 = EDGE_CURVE ( 'NONE', #1424, #1094, #1462, .T. ) ;
#568 = DIRECTION ( 'NONE',  ( -1.000000000000000000, 0.000000000000000000, 0.000000000000000000 ) ) ;
#569 = VERTEX_POINT ( 'NONE', #1347 ) ;
#570 = CARTESIAN_POINT ( 'NONE',  ( -8.500000000000000000, 0.000000000000000000, 2.653337417069999926 ) ) ;
#571 = DIRECTION ( 'NONE',  ( 0.000000000000000000, 1.000000000000000000, 0.000000000000000000 ) ) ;
#572 = ORIENTED_EDGE ( 'NONE', *, *, #108, .T. ) ;
#573 = CARTESIAN_POINT ( 'NONE',  ( -1.390798938080000102, 0.000000000000000000, 12.41898740959999969 ) ) ;
#574 = APPROVAL_ROLE ( '' ) ;
#575 = EDGE_CURVE ( 'NONE', #216, #1140, #1062, .T. ) ;
#576 = VERTEX_POINT ( 'NONE', #1486 ) ;
#577 = CARTESIAN_POINT ( 'NONE',  ( 7.000000000000000000, 0.000000000000000000, -2.287611018869999846 ) ) ;
#578 = AXIS2_PLACEMENT_3D ( 'NONE', #1030, #1672, #428 ) ;
#579 = CARTESIAN_POINT ( 'NONE',  ( 5.907578634960000130, 3.000000000000000000, 11.17449431799999893 ) ) ;
#580 = APPROVAL_PERSON_ORGANIZATION ( #263, #1483, #1015 ) ;
#581 = DIRECTION ( 'NONE',  ( 0.000000000000000000, 1.000000000000000000, 0.000000000000000000 ) ) ;
#582 = EDGE_LOOP ( 'NONE', ( #762, #683, #966, #1535 ) ) ;
#583 = VERTEX_POINT ( 'NONE', #304 ) ;
#584 = CARTESIAN_POINT ( 'NONE',  ( -1.718403380480000076, 0.000000000000000000, 12.26028611269999935 ) ) ;
#585 = AXIS2_PLACEMENT_3D ( 'NONE', #1821, #461, #1060 ) ;
#586 = CARTESIAN_POINT ( 'NONE',  ( -8.500000000000000000, 1.500000000000000000, 2.833333333949999755 ) ) ;
#587 = CARTESIAN_POINT ( 'NONE',  ( 5.869844626559999945, 3.000000000000000000, 11.13446657959999975 ) ) ;
#588 = EDGE_CURVE ( 'NONE', #1843, #1685, #128, .T. ) ;
#589 = DIRECTION ( 'NONE',  ( 0.000000000000000000, 1.000000000000000000, 0.000000000000000000 ) ) ;
#590 = ORIENTED_EDGE ( 'NONE', *, *, #824, .T. ) ;
#591 = ORIENTED_EDGE ( 'NONE', *, *, #1939, .T. ) ;
#592 = CARTESIAN_POINT ( 'NONE',  ( -2.325258418319999798, 0.000000000000000000, 11.33244308319999938 ) ) ;
#593 = CARTESIAN_POINT ( 'NONE',  ( 0.000000000000000000, 0.000000000000000000, 0.000000000000000000 ) ) ;
#594 = VERTEX_POINT ( 'NONE', #324 ) ;
#595 = LINE ( 'NONE', #310, #329 ) ;
#596 = CARTESIAN_POINT ( 'NONE',  ( -6.171454874040000149, 3.000000000000000000, 11.09494904379999980 ) ) ;
#597 = CARTESIAN_POINT ( 'NONE',  ( 8.401671306539999051, 0.000000000000000000, 10.78113495270000044 ) ) ;
#598 = ADVANCED_FACE ( 'NONE', ( #1200 ), #1684, .F. ) ;
#599 = CARTESIAN_POINT ( 'NONE',  ( 7.500000000000000000, 3.000000000000000000, -10.62094435289999872 ) ) ;
#600 = CARTESIAN_POINT ( 'NONE',  ( 7.000000001620000134, 3.000000000000000000, -11.00000000159999836 ) ) ;
#601 = DIRECTION ( 'NONE',  ( 0.000000000000000000, -1.000000000000000000, 0.000000000000000000 ) ) ;
#602 = VERTEX_POINT ( 'NONE', #1812 ) ;
#603 = ORIENTED_EDGE ( 'NONE', *, *, #1300, .T. ) ;
#604 = CARTESIAN_POINT ( 'NONE',  ( -8.388695431320000395, 0.000000000000000000, 4.780333612029999735 ) ) ;
#605 = DIRECTION ( 'NONE',  ( -3.828568698930000354E-16, 0.000000000000000000, 1.000000000000000000 ) ) ;
#606 = CARTESIAN_POINT ( 'NONE',  ( 7.000000000000000000, 3.000000000000000000, -10.12094435279999871 ) ) ;
#607 = CARTESIAN_POINT ( 'NONE',  ( -7.000000001620000134, 3.000000000000000000, -5.500000001620000134 ) ) ;
#608 = ADVANCED_FACE ( 'NONE', ( #1522 ), #1661, .F. ) ;
#609 = DIRECTION ( 'NONE',  ( 0.000000000000000000, 1.000000000000000000, 0.000000000000000000 ) ) ;
#610 = CARTESIAN_POINT ( 'NONE',  ( 6.294711210199999130, 0.000000000000000000, 12.03360964459999849 ) ) ;
#611 = PLANE ( 'NONE',  #585 ) ;
#612 = AXIS2_PLACEMENT_3D ( 'NONE', #1728, #371, #685 ) ;
#613 = CARTESIAN_POINT ( 'NONE',  ( 8.500000000000000000, 3.000000000000000000, 11.00000000000000000 ) ) ;
#614 = AXIS2_PLACEMENT_3D ( 'NONE', #1917, #557, #1042 ) ;
#615 = ORIENTED_EDGE ( 'NONE', *, *, #1068, .F. ) ;
#616 = PLANE ( 'NONE',  #9 ) ;
#617 = DESIGN_CONTEXT ( 'detailed design', #500, 'design' ) ;
#618 = ORIENTED_EDGE ( 'NONE', *, *, #878, .F. ) ;
#619 = CARTESIAN_POINT ( 'NONE',  ( 5.522186040880000313, 0.000000000000000000, 11.00000000000000000 ) ) ;
#620 = CARTESIAN_POINT ( 'NONE',  ( -7.000000000000000000, -7.000000000000000000, 1.333333333329999926 ) ) ;
#621 = AXIS2_PLACEMENT_3D ( 'NONE', #1602, #850, #415 ) ;
#622 = CARTESIAN_POINT ( 'NONE',  ( -5.431416529420000749, -7.000000000000000000, -12.50000000000000000 ) ) ;
#623 = ADVANCED_FACE ( 'NONE', ( #174 ), #1823, .T. ) ;
#624 = DIRECTION ( 'NONE',  ( 0.000000000000000000, 0.000000000000000000, 1.000000000000000000 ) ) ;
#625 = EDGE_LOOP ( 'NONE', ( #1075, #1051, #26, #433 ) ) ;
#626 = CARTESIAN_POINT ( 'NONE',  ( 5.449548049079999679, 3.000000000000000000, -11.37500000000000000 ) ) ;
#627 = ORIENTED_EDGE ( 'NONE', *, *, #1117, .F. ) ;
#628 = CYLINDRICAL_SURFACE ( 'NONE', #1270, 1.499999999999999556 ) ;
#629 = CARTESIAN_POINT ( 'NONE',  ( -7.377322003250000648, 0.000000000000000000, 9.712517092000000574 ) ) ;
#630 = PLANE ( 'NONE',  #492 ) ;
#631 = CARTESIAN_POINT ( 'NONE',  ( 7.222477240309999935, 0.000000000000000000, -2.297922688509999922 ) ) ;
#632 = DIRECTION ( 'NONE',  ( 1.402715769530000159E-14, 0.000000000000000000, -1.000000000000000000 ) ) ;
#633 = ORIENTED_EDGE ( 'NONE', *, *, #825, .F. ) ;
#634 = DIRECTION ( 'NONE',  ( 0.000000000000000000, 0.000000000000000000, 1.000000000000000000 ) ) ;
#635 = ORIENTED_EDGE ( 'NONE', *, *, #1861, .F. ) ;
#636 = LINE ( 'NONE', #1047, #1177 ) ;
#637 = LINE ( 'NONE', #1118, #997 ) ;
#638 = DIRECTION ( 'NONE',  ( 5.782411586589358625E-16, 0.000000000000000000, -1.000000000000000000 ) ) ;
#639 = FACE_OUTER_BOUND ( 'NONE', #1925, .T. ) ;
#640 = CYLINDRICAL_SURFACE ( 'NONE', #1819, 0.5000000000000004441 ) ;
#641 = ORIENTED_EDGE ( 'NONE', *, *, #1715, .T. ) ;
#642 = CARTESIAN_POINT ( 'NONE',  ( -8.500000000000000000, 0.000000000000000000, -5.500000000000000000 ) ) ;
#643 = AXIS2_PLACEMENT_3D ( 'NONE', #1968, #605, #1958 ) ;
#644 = ORIENTED_EDGE ( 'NONE', *, *, #1840, .T. ) ;
#645 = CARTESIAN_POINT ( 'NONE',  ( 7.634051124650000020, 0.000000000000000000, -10.62570284789999953 ) ) ;
#646 = DIRECTION ( 'NONE',  ( 0.000000000000000000, 1.000000000000000000, 0.000000000000000000 ) ) ;
#647 = ADVANCED_FACE ( 'NONE', ( #463 ), #927, .F. ) ;
#648 = CIRCLE ( 'NONE', #899, 1.499999998380000310 ) ;
#649 = CARTESIAN_POINT ( 'NONE',  ( 7.022497343450000429, 3.000000000000000000, 9.748387172679999324 ) ) ;
#650 = APPROVAL_PERSON_ORGANIZATION ( #1798, #1577, #574 ) ;
#651 = CARTESIAN_POINT ( 'NONE',  ( 5.416457365190000317, 3.000000000000000000, -11.27463844160000050 ) ) ;
#652 = ORIENTED_EDGE ( 'NONE', *, *, #1050, .F. ) ;
#653 = CARTESIAN_POINT ( 'NONE',  ( -7.000000000000000000, 3.000000000000000000, 9.227800568570001971 ) ) ;
#654 = ADVANCED_FACE ( 'NONE', ( #438 ), #316, .F. ) ;
#655 = EDGE_LOOP ( 'NONE', ( #1312, #1788, #773, #1390 ) ) ;
#656 = CARTESIAN_POINT ( 'NONE',  ( -7.384048407209999887, 0.000000000000000000, 9.714229846269999413 ) ) ;
#657 = CARTESIAN_POINT ( 'NONE',  ( -7.862208890869999856, 0.000000000000000000, -2.906380554370000091 ) ) ;
#658 = EDGE_CURVE ( 'NONE', #134, #1173, #10, .T. ) ;
#659 = CARTESIAN_POINT ( 'NONE',  ( 5.195709672459999595, 3.000000000000000000, -11.05146109870000082 ) ) ;
#660 = EDGE_LOOP ( 'NONE', ( #1943, #1954, #1167, #1479 ) ) ;
#661 = CARTESIAN_POINT ( 'NONE',  ( -6.383951497100000871, 0.000000000000000000, 11.59356598499999969 ) ) ;
#662 = ORIENTED_EDGE ( 'NONE', *, *, #245, .T. ) ;
#663 = AXIS2_PLACEMENT_3D ( 'NONE', #1689, #664, #933 ) ;
#664 = DIRECTION ( 'NONE',  ( 0.000000000000000000, 1.000000000000000000, 0.000000000000000000 ) ) ;
#665 = B_SPLINE_CURVE_WITH_KNOTS ( 'NONE', 5,
 ( #375, #215, #1880, #689, #972, #70, #1749, #1889, #512, #679, #1150, #1422 ),
 .UNSPECIFIED., .F., .F.,
 ( 6, 3, 3, 6 ),
 ( 0.000000000000000000, 0.3741700318739999975, 0.7483400576379999336, 0.9351552913930000210 ),
 .UNSPECIFIED. ) ;
#666 = PRODUCT_RELATED_PRODUCT_CATEGORY ( 'detail', '', ( #1737 ) ) ;
#667 = CARTESIAN_POINT ( 'NONE',  ( -2.356194490570000077, 0.000000000000000000, 11.00000000000000000 ) ) ;
#668 = DIRECTION ( 'NONE',  ( 5.782411586589358625E-16, 0.000000000000000000, 1.000000000000000000 ) ) ;
#669 = VERTEX_POINT ( 'NONE', #1534 ) ;
#670 = DIRECTION ( 'NONE',  ( 0.000000000000000000, 1.000000000000000000, 0.000000000000000000 ) ) ;
#671 = VERTEX_POINT ( 'NONE', #781 ) ;
#672 = CARTESIAN_POINT ( 'NONE',  ( -7.000000000000000000, 0.000000000000000000, 7.447233617310000220 ) ) ;
#673 = AXIS2_PLACEMENT_3D ( 'NONE', #613, #906, #1953 ) ;
#674 = EDGE_CURVE ( 'NONE', #1350, #896, #1380, .T. ) ;
#675 = ADVANCED_FACE ( 'NONE', ( #1793 ), #963, .T. ) ;
#676 = CARTESIAN_POINT ( 'NONE',  ( -4.112924126910000311, 0.000000000000000000, 11.00000000000000000 ) ) ;
#677 = CARTESIAN_POINT ( 'NONE',  ( -8.320004082800000589, 3.000000000000000000, -11.00000000000000000 ) ) ;
#678 = ORIENTED_EDGE ( 'NONE', *, *, #1903, .T. ) ;
#679 = CARTESIAN_POINT ( 'NONE',  ( -7.326525838669999402, 3.000000000000000000, 9.697860958750000648 ) ) ;
#680 = EDGE_CURVE ( 'NONE', #520, #1201, #1473, .T. ) ;
#681 = VECTOR ( 'NONE', #1713, 1000.000000000000000 ) ;
#682 = ORIENTED_EDGE ( 'NONE', *, *, #575, .F. ) ;
#683 = ORIENTED_EDGE ( 'NONE', *, *, #1379, .F. ) ;
#684 = FACE_OUTER_BOUND ( 'NONE', #1888, .T. ) ;
#685 = DIRECTION ( 'NONE',  ( 0.000000000000000000, 0.000000000000000000, -1.000000000000000000 ) ) ;
#686 = CIRCLE ( 'NONE', #145, 1.499999998380000310 ) ;
#687 = CARTESIAN_POINT ( 'NONE',  ( 8.388695431300000394, 0.000000000000000000, 2.598722034989999763 ) ) ;
#688 = ORIENTED_EDGE ( 'NONE', *, *, #1026, .F. ) ;
#689 = CARTESIAN_POINT ( 'NONE',  ( -7.021002882899999520, 3.000000000000000000, 9.385315537709999489 ) ) ;
#690 = VERTEX_POINT ( 'NONE', #1242 ) ;
#691 = LINE ( 'NONE', #672, #556 ) ;
#692 = DIRECTION ( 'NONE',  ( 1.000000000000000000, 0.000000000000000000, 0.000000000000000000 ) ) ;
#693 = LINE ( 'NONE', #1895, #115 ) ;
#694 = ORIENTED_EDGE ( 'NONE', *, *, #815, .F. ) ;
#695 = DIRECTION ( 'NONE',  ( 0.000000000000000000, 0.000000000000000000, 1.000000000000000000 ) ) ;
#696 = CARTESIAN_POINT ( 'NONE',  ( -6.931416530159999034, 3.000000000000000000, -12.38876150129999942 ) ) ;
#697 = VERTEX_POINT ( 'NONE', #213 ) ;
#698 = EDGE_LOOP ( 'NONE', ( #1411, #752, #1742, #71 ) ) ;
#699 = DIRECTION ( 'NONE',  ( 0.000000000000000000, 1.000000000000000000, 0.000000000000000000 ) ) ;
#700 = DIRECTION ( 'NONE',  ( 0.000000000000000000, 1.000000000000000000, 0.000000000000000000 ) ) ;
#701 = VECTOR ( 'NONE', #1458, 1000.000000000000000 ) ;
#702 = CIRCLE ( 'NONE', #958, 1.500000012819999951 ) ;
#703 = DIRECTION ( 'NONE',  ( -1.000000000000000000, 0.000000000000000000, -1.408839003530000078E-14 ) ) ;
#704 = DIRECTION ( 'NONE',  ( 1.000000000000000000, 0.000000000000000000, 0.000000000000000000 ) ) ;
#705 = EDGE_CURVE ( 'NONE', #697, #349, #1420, .T. ) ;
#706 = DIRECTION ( 'NONE',  ( 0.000000000000000000, -1.000000000000000000, 0.000000000000000000 ) ) ;
#707 = LINE ( 'NONE', #561, #1874 ) ;
#708 = CARTESIAN_POINT ( 'NONE',  ( -7.000000000000000000, 0.000000000000000000, 1.333333333950000199 ) ) ;
#709 = ADVANCED_FACE ( 'NONE', ( #1694 ), #640, .F. ) ;
#710 = AXIS2_PLACEMENT_3D ( 'NONE', #1814, #466, #1785 ) ;
#711 = LINE ( 'NONE', #1127, #1052 ) ;
#712 = EDGE_LOOP ( 'NONE', ( #1293, #1433, #1110, #918 ) ) ;
#713 = AXIS2_PLACEMENT_3D ( 'NONE', #1610, #1897, #821 ) ;
#714 = CARTESIAN_POINT ( 'NONE',  ( 8.500000000000000000, 0.000000000000000000, 3.212388981130000154 ) ) ;
#715 = VECTOR ( 'NONE', #1093, 1000.000000000000000 ) ;
#716 = CARTESIAN_POINT ( 'NONE',  ( 7.437296873880000270, 3.000000000000000000, -10.61848706520000185 ) ) ;
#717 = CARTESIAN_POINT ( 'NONE',  ( 8.418987409579999692, 0.000000000000000000, 5.080326762709999500 ) ) ;
#718 = EDGE_CURVE ( 'NONE', #217, #1273, #702, .T. ) ;
#719 = VERTEX_POINT ( 'NONE', #1399 ) ;
#720 = ORIENTED_EDGE ( 'NONE', *, *, #1152, .T. ) ;
#721 = CARTESIAN_POINT ( 'NONE',  ( -8.500000000000000000, 0.000000000000000000, 11.00000000000000000 ) ) ;
#722 = ORIENTED_EDGE ( 'NONE', *, *, #1777, .T. ) ;
#723 = DIRECTION ( 'NONE',  ( 0.000000000000000000, -1.000000000000000000, 0.000000000000000000 ) ) ;
#724 = CARTESIAN_POINT ( 'NONE',  ( -8.418987409690000590, 0.000000000000000000, 2.298728884699999586 ) ) ;
#725 = ORIENTED_EDGE ( 'NONE', *, *, #181, .T. ) ;
#726 = CARTESIAN_POINT ( 'NONE',  ( -8.500000000000000000, 0.000000000000000000, 4.166666666050000245 ) ) ;
#727 = DATE_AND_TIME ( #861, #295 ) ;
#728 = ORIENTED_EDGE ( 'NONE', *, *, #1767, .T. ) ;
#729 = EDGE_CURVE ( 'NONE', #1308, #1843, #81, .T. ) ;
#730 = ADVANCED_FACE ( 'NONE', ( #32 ), #58, .F. ) ;
#731 = VECTOR ( 'NONE', #1509, 1000.000000000000000 ) ;
#732 = CARTESIAN_POINT ( 'NONE',  ( -0.09808319620790000026, 3.000000000000000000, -12.50000000000000000 ) ) ;
#733 = CARTESIAN_POINT ( 'NONE',  ( 5.630836045599999728, 3.000000000000000000, 11.00737808549999919 ) ) ;
#734 = DIRECTION ( 'NONE',  ( 0.000000000000000000, 0.000000000000000000, -1.000000000000000000 ) ) ;
#735 = EDGE_LOOP ( 'NONE', ( #1286, #367, #907, #506 ) ) ;
#736 = EDGE_LOOP ( 'NONE', ( #1780, #54, #848, #1263 ) ) ;
#737 = DIRECTION ( 'NONE',  ( 0.000000000000000000, 1.000000000000000000, 0.000000000000000000 ) ) ;
#738 = CALENDAR_DATE ( 2026, 3, 9 ) ;
#739 = EDGE_LOOP ( 'NONE', ( #1714, #308, #1183, #281 ) ) ;
#740 = CYLINDRICAL_SURFACE ( 'NONE', #1430, 1.499999999999999556 ) ;
#741 = CARTESIAN_POINT ( 'NONE',  ( 0.5883773459629999536, 0.000000000000000000, 12.50000000000000000 ) ) ;
#742 = CARTESIAN_POINT ( 'NONE',  ( 0.4771388433869999668, 1.500000000000000000, 12.50000000000000000 ) ) ;
#743 = CIRCLE ( 'NONE', #301, 1.499999998380000310 ) ;
#744 = EDGE_CURVE ( 'NONE', #130, #583, #203, .T. ) ;
#745 = CARTESIAN_POINT ( 'NONE',  ( 6.829353133290000599, 0.000000000000000000, 12.44274463810000064 ) ) ;
#746 = CARTESIAN_POINT ( 'NONE',  ( -0.09808319620790000026, 0.000000000000000000, -12.50000000000000000 ) ) ;
#747 = VECTOR ( 'NONE', #1364, 1000.000000000000000 ) ;
#748 = DIRECTION ( 'NONE',  ( 1.000000000000000000, 0.000000000000000000, 0.000000000000000000 ) ) ;
#749 = ORIENTED_EDGE ( 'NONE', *, *, #854, .F. ) ;
#750 = CARTESIAN_POINT ( 'NONE',  ( -8.489688329639999864, 0.000000000000000000, 4.389143914109999045 ) ) ;
#751 = EDGE_CURVE ( 'NONE', #1562, #876, #1862, .T. ) ;
#752 = ORIENTED_EDGE ( 'NONE', *, *, #674, .F. ) ;
#753 = CARTESIAN_POINT ( 'NONE',  ( -8.500000000000000000, 0.000000000000000000, -4.055428163860000268 ) ) ;
#754 = DIRECTION ( 'NONE',  ( -1.000000000000000000, 0.000000000000000000, 0.000000000000000000 ) ) ;
#755 = CARTESIAN_POINT ( 'NONE',  ( -7.000000000000000000, 0.000000000000000000, 11.00000000000000000 ) ) ;
#756 = DIRECTION ( 'NONE',  ( 0.000000000000000000, 1.000000000000000000, 0.000000000000000000 ) ) ;
#757 = CARTESIAN_POINT ( 'NONE',  ( 7.869280468959998665, 0.000000000000000000, 5.788170965000000834 ) ) ;
#758 = DIRECTION ( 'NONE',  ( 0.000000000000000000, 0.000000000000000000, 1.000000000000000000 ) ) ;
#759 = B_SPLINE_CURVE_WITH_KNOTS ( 'NONE', 5,
 ( #262, #1480, #908, #423, #430, #143, #870, #604, #1192, #750, #1023, #726 ),
 .UNSPECIFIED., .F., .F.,
 ( 6, 3, 3, 6 ),
 ( 0.000000000000000000, 1.272763329070000005, 2.545526653680000084, 3.332101648219999657 ),
 .UNSPECIFIED. ) ;
#760 = ORIENTED_EDGE ( 'NONE', *, *, #1514, .F. ) ;
#761 = DIRECTION ( 'NONE',  ( 0.000000000000000000, 0.000000000000000000, -1.000000000000000000 ) ) ;
#762 = ORIENTED_EDGE ( 'NONE', *, *, #460, .F. ) ;
#763 = PLANE ( 'NONE',  #643 ) ;
#764 = DIRECTION ( 'NONE',  ( 1.000000000000000000, 0.000000000000000000, 0.000000000000000000 ) ) ;
#765 = DIRECTION ( 'NONE',  ( 1.000000000000000000, 0.000000000000000000, 0.000000000000000000 ) ) ;
#766 = B_SPLINE_CURVE_WITH_KNOTS ( 'NONE', 5,
 ( #1964, #1485, #1179, #717, #562, #150, #757, #874, #1171, #1772, #1317, #127 ),
 .UNSPECIFIED., .F., .F.,
 ( 6, 3, 3, 6 ),
 ( 0.000000000000000000, 1.272763333220000126, 2.545526668400000414, 3.332101684789999574 ),
 .UNSPECIFIED. ) ;
#767 = ADVANCED_FACE ( 'NONE', ( #192 ), #1869, .T. ) ;
#768 = ADVANCED_FACE ( 'NONE', ( #363 ), #221, .F. ) ;
#769 = CARTESIAN_POINT ( 'NONE',  ( 7.294708919140000525, 3.000000000000000000, 10.04645512559999965 ) ) ;
#770 = VECTOR ( 'NONE', #1170, 1000.000000000000000 ) ;
#771 = DIRECTION ( 'NONE',  ( 0.000000000000000000, 0.000000000000000000, 1.000000000000000000 ) ) ;
#772 = AXIS2_PLACEMENT_3D ( 'NONE', #36, #178, #802 ) ;
#773 = ORIENTED_EDGE ( 'NONE', *, *, #1709, .F. ) ;
#774 = CARTESIAN_POINT ( 'NONE',  ( -6.837957818490000506, 0.000000000000000000, 12.37686288549999958 ) ) ;
#775 = ORIENTED_EDGE ( 'NONE', *, *, #96, .T. ) ;
#776 = FACE_OUTER_BOUND ( 'NONE', #698, .T. ) ;
#777 = DIRECTION ( 'NONE',  ( 1.000000000000000000, 0.000000000000000000, 0.000000000000000000 ) ) ;
#778 = CARTESIAN_POINT ( 'NONE',  ( 8.148900824600000092, 0.000000000000000000, 10.44417502659999997 ) ) ;
#779 = VECTOR ( 'NONE', #1262, 1000.000000000000000 ) ;
#780 = CARTESIAN_POINT ( 'NONE',  ( 7.400698272509999676, 3.000000000000000000, 10.07560241969999915 ) ) ;
#781 = CARTESIAN_POINT ( 'NONE',  ( -8.500000000000000000, 3.000000000000000000, -5.500000000000000000 ) ) ;
#782 = VERTEX_POINT ( 'NONE', #1852 ) ;
#783 = LINE ( 'NONE', #1382, #44 ) ;
#784 = EDGE_LOOP ( 'NONE', ( #1882, #439, #682, #1856 ) ) ;
#785 = LINE ( 'NONE', #1403, #1876 ) ;
#786 = CARTESIAN_POINT ( 'NONE',  ( -7.564869827010000769, 0.000000000000000000, 9.761657048310000917 ) ) ;
#787 = CARTESIAN_POINT ( 'NONE',  ( 7.346956901539999585, 3.000000000000000000, 10.06471226500000071 ) ) ;
#788 = DIRECTION ( 'NONE',  ( 0.000000000000000000, 1.000000000000000000, 0.000000000000000000 ) ) ;
#789 = ORIENTED_EDGE ( 'NONE', *, *, #1445, .F. ) ;
#790 = CARTESIAN_POINT ( 'NONE',  ( -7.499999999649999971, 0.000000000000000000, 9.227800567790000130 ) ) ;
#791 = ORIENTED_EDGE ( 'NONE', *, *, #1407, .F. ) ;
#792 = CYLINDRICAL_SURFACE ( 'NONE', #772, 1.500000000000000000 ) ;
#793 = CARTESIAN_POINT ( 'NONE',  ( -2.931416529419999861, 0.000000000000000000, -11.00000000000000000 ) ) ;
#794 = EDGE_CURVE ( 'NONE', #1704, #1453, #1561, .T. ) ;
#795 = CARTESIAN_POINT ( 'NONE',  ( 7.869280467469999429, 0.000000000000000000, -2.545162366240000029 ) ) ;
#796 = DIRECTION ( 'NONE',  ( 0.000000000000000000, 1.000000000000000000, 0.000000000000000000 ) ) ;
#797 = EDGE_LOOP ( 'NONE', ( #618, #155, #224, #688 ) ) ;
#798 = DIRECTION ( 'NONE',  ( 0.000000000000000000, 1.000000000000000000, 0.000000000000000000 ) ) ;
#799 = B_SPLINE_CURVE_WITH_KNOTS ( 'NONE', 5,
 ( #189, #1548, #950, #47, #1555, #645, #1699, #341, #1236 ),
 .UNSPECIFIED., .F., .F.,
 ( 6, 3, 6 ),
 ( 0.000000000000000000, 1.233416872500000094, 1.541641639150000076 ),
 .UNSPECIFIED. ) ;
#800 = CIRCLE ( 'NONE', #1366, 0.5000000015800004638 ) ;
#801 = EDGE_LOOP ( 'NONE', ( #1261, #1362, #340, #538 ) ) ;
#802 = DIRECTION ( 'NONE',  ( 0.000000000000000000, 0.000000000000000000, 1.000000000000000000 ) ) ;
#803 = CARTESIAN_POINT ( 'NONE',  ( -7.000000000000000000, 0.000000000000000000, 12.50000000000000000 ) ) ;
#804 = PRODUCT_DEFINITION_FORMATION_WITH_SPECIFIED_SOURCE ( '�', '', #1737, .NOT_KNOWN. ) ;
#805 = EDGE_CURVE ( 'NONE', #669, #569, #1232, .T. ) ;
#806 = AXIS2_PLACEMENT_3D ( 'NONE', #790, #798, #34 ) ;
#807 = CARTESIAN_POINT ( 'NONE',  ( -7.179995915129999240, 0.000000000000000000, -2.666666666049999801 ) ) ;
#808 = AXIS2_PLACEMENT_3D ( 'NONE', #1671, #1356, #1521 ) ;
#809 = CARTESIAN_POINT ( 'NONE',  ( 4.991749343409999540, 3.000000000000000000, -11.00000000000000000 ) ) ;
#810 = ORIENTED_EDGE ( 'NONE', *, *, #996, .F. ) ;
#811 = DIRECTION ( 'NONE',  ( 0.000000000000000000, 0.000000000000000000, 1.000000000000000000 ) ) ;
#812 = AXIS2_PLACEMENT_3D ( 'NONE', #1825, #123, #1651 ) ;
#813 = ORIENTED_EDGE ( 'NONE', *, *, #878, .T. ) ;
#814 = CARTESIAN_POINT ( 'NONE',  ( -4.112924126910000311, 3.000000000000000000, 11.00000000000000000 ) ) ;
#815 = EDGE_CURVE ( 'NONE', #964, #413, #1389, .T. ) ;
#816 = CC_DESIGN_PERSON_AND_ORGANIZATION_ASSIGNMENT ( #1338, #256, ( #804 ) ) ;
#817 = CIRCLE ( 'NONE', #1313, 1.500000000689999835 ) ;
#818 = CARTESIAN_POINT ( 'NONE',  ( -8.469063928549999787, 0.000000000000000000, -3.834223585610000207 ) ) ;
#819 = DIRECTION ( 'NONE',  ( 0.000000000000000000, 0.000000000000000000, 1.000000000000000000 ) ) ;
#820 = VERTEX_POINT ( 'NONE', #1292 ) ;
#821 = DIRECTION ( 'NONE',  ( 1.000000000000000000, 0.000000000000000000, 0.000000000000000000 ) ) ;
#822 = VERTEX_POINT ( 'NONE', #68 ) ;
#823 = CARTESIAN_POINT ( 'NONE',  ( 8.500000000000000000, 0.000000000000000000, 4.545722313229999756 ) ) ;
#824 = EDGE_CURVE ( 'NONE', #1723, #1326, #1608, .T. ) ;
#825 = EDGE_CURVE ( 'NONE', #822, #330, #1757, .T. ) ;
#826 = CARTESIAN_POINT ( 'NONE',  ( -6.931416530159999034, 0.000000000000000000, -12.50000000000000000 ) ) ;
#827 = CARTESIAN_POINT ( 'NONE',  ( 1.977138843139999880, -7.000000000000000000, 11.00000000000000000 ) ) ;
#828 = EDGE_CURVE ( 'NONE', #690, #424, #973, .T. ) ;
#829 = ORIENTED_EDGE ( 'NONE', *, *, #96, .F. ) ;
#830 = DIRECTION ( 'NONE',  ( 0.000000000000000000, 1.000000000000000000, 0.000000000000000000 ) ) ;
#831 = ORIENTED_EDGE ( 'NONE', *, *, #1722, .T. ) ;
#832 = ORIENTED_EDGE ( 'NONE', *, *, #1291, .T. ) ;
#833 = CYLINDRICAL_SURFACE ( 'NONE', #1567, 1.499999999999999556 ) ;
#834 = VECTOR ( 'NONE', #1351, 1000.000000000000000 ) ;
#835 = AXIS2_PLACEMENT_3D ( 'NONE', #1647, #895, #883 ) ;
#836 = DIRECTION ( 'NONE',  ( 5.782411586589358625E-16, 0.000000000000000000, -1.000000000000000000 ) ) ;
#837 = DIRECTION ( 'NONE',  ( 0.000000000000000000, 1.000000000000000000, 0.000000000000000000 ) ) ;
#838 = ORIENTED_EDGE ( 'NONE', *, *, #227, .T. ) ;
#839 = CARTESIAN_POINT ( 'NONE',  ( 0.4771388431409999686, 3.000000000000000000, 11.00000000000000000 ) ) ;
#840 = VERTEX_POINT ( 'NONE', #400 ) ;
#841 = ORIENTED_EDGE ( 'NONE', *, *, #1300, .F. ) ;
#842 = FACE_OUTER_BOUND ( 'NONE', #1025, .T. ) ;
#843 = LINE ( 'NONE', #1290, #165 ) ;
#844 = AXIS2_PLACEMENT_3D ( 'NONE', #1000, #1588, #1017 ) ;
#845 = CARTESIAN_POINT ( 'NONE',  ( 8.242448652989999403, 0.000000000000000000, 2.343108512450000180 ) ) ;
#846 = ORIENTED_EDGE ( 'NONE', *, *, #1777, .F. ) ;
#847 = PLANE ( 'NONE',  #210 ) ;
#848 = ORIENTED_EDGE ( 'NONE', *, *, #151, .F. ) ;
#849 = ORIENTED_EDGE ( 'NONE', *, *, #1006, .F. ) ;
#850 = DIRECTION ( 'NONE',  ( 1.000000000000000000, 0.000000000000000000, 0.000000000000000000 ) ) ;
#851 = PERSON_AND_ORGANIZATION ( #1446, #1250 ) ;
#852 = DIRECTION ( 'NONE',  ( 0.000000000000000000, 1.000000000000000000, 0.000000000000000000 ) ) ;
#853 = CARTESIAN_POINT ( 'NONE',  ( 8.388695430720000346, 0.000000000000000000, -5.734611299420000918 ) ) ;
#854 = EDGE_CURVE ( 'NONE', #144, #1296, #110, .T. ) ;
#855 = CARTESIAN_POINT ( 'NONE',  ( 8.489688329609998974, 0.000000000000000000, 2.989911732799999999 ) ) ;
#856 = CARTESIAN_POINT ( 'NONE',  ( 1.401916803790000055, 0.000000000000000000, -11.00000000000000000 ) ) ;
#857 = CARTESIAN_POINT ( 'NONE',  ( -7.856194483969999531, 3.000000000000000000, 11.26836247709999839 ) ) ;
#858 = CARTESIAN_POINT ( 'NONE',  ( -5.791407726680000145, 3.000000000000000000, -11.02699877489999913 ) ) ;
#859 = ORIENTED_EDGE ( 'NONE', *, *, #943, .F. ) ;
#860 = LINE ( 'NONE', #1274, #276 ) ;
#861 = CALENDAR_DATE ( 2026, 3, 9 ) ;
#862 = AXIS2_PLACEMENT_3D ( 'NONE', #1081, #1711, #668 ) ;
#863 = LOCAL_TIME ( 0, 13, 41.00000000000000000, #1914 ) ;
#864 = EDGE_CURVE ( 'NONE', #1031, #83, #1128, .T. ) ;
#865 = CARTESIAN_POINT ( 'NONE',  ( 7.000000000000000000, 0.000000000000000000, -6.620944352949999612 ) ) ;
#866 = CARTESIAN_POINT ( 'NONE',  ( -1.431416530160000145, 0.000000000000000000, -12.50000000000000000 ) ) ;
#867 = CARTESIAN_POINT ( 'NONE',  ( -8.500000000000000000, 3.000000000000000000, -11.00000000000000000 ) ) ;
#868 = VERTEX_POINT ( 'NONE', #547 ) ;
#869 = VECTOR ( 'NONE', #1175, 1000.000000000000000 ) ;
#870 = CARTESIAN_POINT ( 'NONE',  ( -8.242448653269999426, 0.000000000000000000, 5.035947134239999734 ) ) ;
#871 = VERTEX_POINT ( 'NONE', #714 ) ;
#872 = CARTESIAN_POINT ( 'NONE',  ( -0.7647498631850000450, 0.000000000000000000, -12.50000000000000000 ) ) ;
#873 = CARTESIAN_POINT ( 'NONE',  ( -2.931416530160000367, 0.000000000000000000, -11.17999591470000098 ) ) ;
#874 = CARTESIAN_POINT ( 'NONE',  ( 7.613666942860001008, 0.000000000000000000, 5.934417745679999356 ) ) ;
#875 = CARTESIAN_POINT ( 'NONE',  ( -5.611412446599999271, 3.000000000000000000, -11.00000000000000000 ) ) ;
#876 = VERTEX_POINT ( 'NONE', #986 ) ;
#877 = CARTESIAN_POINT ( 'NONE',  ( -1.036190407380000122, 0.000000000000000000, 12.50000000000000000 ) ) ;
#878 = EDGE_CURVE ( 'NONE', #52, #871, #1323, .T. ) ;
#879 = ORIENTED_EDGE ( 'NONE', *, *, #265, .T. ) ;
#880 = ADVANCED_FACE ( 'NONE', ( #99 ), #1598, .T. ) ;
#881 = CARTESIAN_POINT ( 'NONE',  ( 8.500000000000000000, 3.000000000000000000, 11.00000000000000000 ) ) ;
#882 = CARTESIAN_POINT ( 'NONE',  ( 0.4365212539789999902, 0.000000000000000000, -12.41898740919999966 ) ) ;
#883 = DIRECTION ( 'NONE',  ( 0.000000000000000000, 0.000000000000000000, -1.000000000000000000 ) ) ;
#884 = ORIENTED_EDGE ( 'NONE', *, *, #1050, .T. ) ;
#885 = EDGE_CURVE ( 'NONE', #1277, #871, #693, .T. ) ;
#886 = CARTESIAN_POINT ( 'NONE',  ( -7.000000000000000000, 3.000000000000000000, -7.000000000000000000 ) ) ;
#887 = APPROVAL_STATUS ( 'not_yet_approved' ) ;
#888 = LINE ( 'NONE', #442, #834 ) ;
#889 = CARTESIAN_POINT ( 'NONE',  ( -5.898696896099999698, 3.000000000000000000, 11.00000000000000000 ) ) ;
#890 = DIRECTION ( 'NONE',  ( -0.000000000000000000, 1.000000000000000000, 0.000000000000000000 ) ) ;
#891 = CARTESIAN_POINT ( 'NONE',  ( 7.000000000000000000, 0.000000000000000000, 12.50000000000000000 ) ) ;
#892 = EDGE_CURVE ( 'NONE', #1350, #496, #817, .T. ) ;
#893 = CARTESIAN_POINT ( 'NONE',  ( -8.012454050169999675, 0.000000000000000000, 1.704500721000000052 ) ) ;
#894 = EDGE_CURVE ( 'NONE', #939, #1226, #1096, .T. ) ;
#895 = DIRECTION ( 'NONE',  ( 0.000000000000000000, -1.000000000000000000, 0.000000000000000000 ) ) ;
#896 = VERTEX_POINT ( 'NONE', #1770 ) ;
#897 = FACE_OUTER_BOUND ( 'NONE', #1083, .T. ) ;
#898 = ORIENTED_EDGE ( 'NONE', *, *, #1152, .F. ) ;
#899 = AXIS2_PLACEMENT_3D ( 'NONE', #600, #437, #1345 ) ;
#900 = DIRECTION ( 'NONE',  ( 0.000000000000000000, 0.000000000000000000, 1.000000000000000000 ) ) ;
#901 = CARTESIAN_POINT ( 'NONE',  ( -6.321034190919999851, 3.000000000000000000, 11.27327069839999929 ) ) ;
#902 = CARTESIAN_POINT ( 'NONE',  ( -0.8561944905670000328, 3.000000000000000000, 12.50000000000000000 ) ) ;
#903 = VECTOR ( 'NONE', #1269, 1000.000000000000000 ) ;
#904 = CARTESIAN_POINT ( 'NONE',  ( 8.418987409289998780, 0.000000000000000000, -3.253006570650000207 ) ) ;
#905 = CARTESIAN_POINT ( 'NONE',  ( 1.370980733070000124, 0.000000000000000000, -11.33244307790000072 ) ) ;
#906 = DIRECTION ( 'NONE',  ( -1.000000000000000000, 0.000000000000000000, 1.577021341800000075E-16 ) ) ;
#907 = ORIENTED_EDGE ( 'NONE', *, *, #327, .F. ) ;
#908 = CARTESIAN_POINT ( 'NONE',  ( -7.359991195969999289, 0.000000000000000000, 5.639667891190000226 ) ) ;
#909 = ORIENTED_EDGE ( 'NONE', *, *, #1174, .F. ) ;
#910 = CARTESIAN_POINT ( 'NONE',  ( 6.370851775959999408, 0.000000000000000000, -12.42031585299999996 ) ) ;
#911 = DIRECTION ( 'NONE',  ( -3.828568698930000354E-16, 0.000000000000000000, 1.000000000000000000 ) ) ;
#912 = DIRECTION ( 'NONE',  ( 0.000000000000000000, 1.000000000000000000, 0.000000000000000000 ) ) ;
#913 = EDGE_CURVE ( 'NONE', #1891, #697, #1427, .T. ) ;
#914 = CARTESIAN_POINT ( 'NONE',  ( 6.010924240569999633, 0.000000000000000000, 11.39447762630000049 ) ) ;
#915 = CARTESIAN_POINT ( 'NONE',  ( -7.111238506320000319, 0.000000000000000000, 1.333333333950000199 ) ) ;
#916 = EDGE_CURVE ( 'NONE', #530, #488, #76, .T. ) ;
#917 = DIRECTION ( 'NONE',  ( 1.000000000000000000, 0.000000000000000000, 0.000000000000000000 ) ) ;
#918 = ORIENTED_EDGE ( 'NONE', *, *, #1057, .T. ) ;
#919 = CARTESIAN_POINT ( 'NONE',  ( -6.599044028959999864, 0.000000000000000000, 12.11162117790000003 ) ) ;
#920 = EDGE_LOOP ( 'NONE', ( #652, #1373, #1384, #810 ) ) ;
#921 = CARTESIAN_POINT ( 'NONE',  ( 7.000000000000000000, -7.000000000000000000, 6.045722313720000685 ) ) ;
#922 = DIRECTION ( 'NONE',  ( 0.000000000000000000, 1.000000000000000000, 0.000000000000000000 ) ) ;
#923 = CARTESIAN_POINT ( 'NONE',  ( 8.456407762679999607, 0.000000000000000000, 10.88839126829999948 ) ) ;
#924 = EDGE_CURVE ( 'NONE', #1706, #405, #1756, .T. ) ;
#925 = CARTESIAN_POINT ( 'NONE',  ( 7.332443087289999717, 0.000000000000000000, -2.318547092270000221 ) ) ;
#926 = VECTOR ( 'NONE', #852, 1000.000000000000000 ) ;
#927 = PLANE ( 'NONE',  #1946 ) ;
#928 = ORIENTED_EDGE ( 'NONE', *, *, #1861, .T. ) ;
#929 = CYLINDRICAL_SURFACE ( 'NONE', #552, 0.5000000000000004441 ) ;
#930 = B_SPLINE_CURVE_WITH_KNOTS ( 'NONE', 5,
 ( #1078, #1961, #1519, #1680, #778, #1055, #597, #923, #1196 ),
 .UNSPECIFIED., .F., .F.,
 ( 6, 3, 6 ),
 ( 0.000000000000000000, 1.270858612020000056, 2.118112769620000169 ),
 .UNSPECIFIED. ) ;
#931 = ORIENTED_EDGE ( 'NONE', *, *, #1586, .T. ) ;
#932 = CARTESIAN_POINT ( 'NONE',  ( -6.366288945079999984, 3.000000000000000000, 11.44209061940000005 ) ) ;
#933 = DIRECTION ( 'NONE',  ( 0.000000000000000000, 0.000000000000000000, 1.000000000000000000 ) ) ;
#934 = AXIS2_PLACEMENT_3D ( 'NONE', #867, #289, #112 ) ;
#935 = CARTESIAN_POINT ( 'NONE',  ( 7.500000000000000000, -7.000000000000000000, -10.12094435289999872 ) ) ;
#936 = CARTESIAN_POINT ( 'NONE',  ( -0.8561944921849999890, 3.000000000000000000, 11.00000000159999836 ) ) ;
#937 = VERTEX_POINT ( 'NONE', #1493 ) ;
#938 = LINE ( 'NONE', #1835, #109 ) ;
#939 = VERTEX_POINT ( 'NONE', #1506 ) ;
#940 = VECTOR ( 'NONE', #837, 1000.000000000000000 ) ;
#941 = CARTESIAN_POINT ( 'NONE',  ( -5.869653764050000611, 3.000000000000000000, 11.00000000000000000 ) ) ;
#942 = DIRECTION ( 'NONE',  ( 0.000000000000000000, 1.000000000000000000, 0.000000000000000000 ) ) ;
#943 = EDGE_CURVE ( 'NONE', #1704, #79, #268, .T. ) ;
#944 = CARTESIAN_POINT ( 'NONE',  ( 8.500000000000000000, 0.000000000000000000, -3.607615102440000054 ) ) ;
#945 = CARTESIAN_POINT ( 'NONE',  ( 5.436367070970000270, 3.000000000000000000, -11.32395029200000103 ) ) ;
#946 = ORIENTED_EDGE ( 'NONE', *, *, #1616, .T. ) ;
#947 = CARTESIAN_POINT ( 'NONE',  ( 7.000000000000000000, 0.000000000000000000, 7.815642384809999399 ) ) ;
#948 = VERTEX_POINT ( 'NONE', #248 ) ;
#949 = EDGE_CURVE ( 'NONE', #937, #820, #443, .T. ) ;
#950 = CARTESIAN_POINT ( 'NONE',  ( 8.222448099140001077, 0.000000000000000000, -10.78713198829999875 ) ) ;
#951 = LINE ( 'NONE', #1708, #1255 ) ;
#952 = DIRECTION ( 'NONE',  ( -1.000000000000000000, 0.000000000000000000, 0.000000000000000000 ) ) ;
#953 = DIRECTION ( 'NONE',  ( 0.000000000000000000, -1.000000000000000000, 0.000000000000000000 ) ) ;
#954 = ADVANCED_FACE ( 'NONE', ( #1352 ), #1918, .F. ) ;
#955 = ORIENTED_EDGE ( 'NONE', *, *, #1020, .T. ) ;
#956 = VECTOR ( 'NONE', #1120, 1000.000000000000000 ) ;
#957 = CARTESIAN_POINT ( 'NONE',  ( -5.869653764740000668, 1.500000000000000000, 11.00000000000000000 ) ) ;
#958 = AXIS2_PLACEMENT_3D ( 'NONE', #373, #796, #1551 ) ;
#959 = ORIENTED_EDGE ( 'NONE', *, *, #119, .T. ) ;
#960 = DIRECTION ( 'NONE',  ( 1.000000000000000000, 0.000000000000000000, 0.000000000000000000 ) ) ;
#961 = CIRCLE ( 'NONE', #812, 1.499999998380000310 ) ;
#962 = CARTESIAN_POINT ( 'NONE',  ( -8.242448651920000202, 0.000000000000000000, -3.297386197340000269 ) ) ;
#963 = CYLINDRICAL_SURFACE ( 'NONE', #862, 1.499999999999999556 ) ;
#964 = VERTEX_POINT ( 'NONE', #606 ) ;
#965 = CARTESIAN_POINT ( 'NONE',  ( -7.009288015000000094, 3.000000000000000000, 11.16666666669999941 ) ) ;
#966 = ORIENTED_EDGE ( 'NONE', *, *, #718, .F. ) ;
#967 = DIRECTION ( 'NONE',  ( 0.000000000000000000, -1.000000000000000000, 0.000000000000000000 ) ) ;
#968 = ADVANCED_FACE ( 'NONE', ( #1818 ), #1159, .F. ) ;
#969 = LINE ( 'NONE', #57, #1329 ) ;
#970 = DIRECTION ( 'NONE',  ( 0.000000000000000000, -1.000000000000000000, 0.000000000000000000 ) ) ;
#971 = VERTEX_POINT ( 'NONE', #1829 ) ;
#972 = CARTESIAN_POINT ( 'NONE',  ( -7.062342749609999970, 3.000000000000000000, 9.483740589360001749 ) ) ;
#973 = B_SPLINE_CURVE_WITH_KNOTS ( 'NONE', 5,
 ( #1439, #677, #267, #418, #390, #1285, #1887, #78, #1130, #1904, #1746, #1739 ),
 .UNSPECIFIED., .F., .F.,
 ( 6, 3, 3, 6 ),
 ( 0.000000000000000000, 1.272763336409999946, 2.545526680070000047, 3.332101676910000254 ),
 .UNSPECIFIED. ) ;
#974 = VERTEX_POINT ( 'NONE', #469 ) ;
#975 = EDGE_LOOP ( 'NONE', ( #1003, #524, #404, #1012 ) ) ;
#976 = LINE ( 'NONE', #1585, #1915 ) ;
#977 = CARTESIAN_POINT ( 'NONE',  ( 7.500000000000000000, 3.000000000000000000, 9.585562455779999880 ) ) ;
#978 = DIRECTION ( 'NONE',  ( 5.782411586589358625E-16, 0.000000000000000000, 1.000000000000000000 ) ) ;
#979 = ORIENTED_EDGE ( 'NONE', *, *, #729, .T. ) ;
#980 = DIRECTION ( 'NONE',  ( -1.577021341800000075E-16, 0.000000000000000000, -1.000000000000000000 ) ) ;
#981 = ORIENTED_EDGE ( 'NONE', *, *, #1794, .T. ) ;
#982 = VERTEX_POINT ( 'NONE', #97 ) ;
#983 = CARTESIAN_POINT ( 'NONE',  ( 7.000000000000000000, 0.000000000000000000, -0.2876110188659999900 ) ) ;
#984 = AXIS2_PLACEMENT_3D ( 'NONE', #444, #1187, #288 ) ;
#985 = CARTESIAN_POINT ( 'NONE',  ( -8.500000000000000000, 3.000000000000000000, 3.500000000000000000 ) ) ;
#986 = CARTESIAN_POINT ( 'NONE',  ( -8.500000000000000000, 3.000000000000000000, 4.166666666050000245 ) ) ;
#987 = ORIENTED_EDGE ( 'NONE', *, *, #399, .F. ) ;
#988 = LINE ( 'NONE', #1600, #1304 ) ;
#989 = AXIS2_PLACEMENT_3D ( 'NONE', #607, #158, #147 ) ;
#990 = EDGE_CURVE ( 'NONE', #376, #948, #273, .T. ) ;
#991 = ORIENTED_EDGE ( 'NONE', *, *, #503, .T. ) ;
#992 = ORIENTED_EDGE ( 'NONE', *, *, #1939, .F. ) ;
#993 = DIRECTION ( 'NONE',  ( 0.000000000000000000, 1.000000000000000000, 0.000000000000000000 ) ) ;
#994 = B_SPLINE_CURVE_WITH_KNOTS ( 'NONE', 5,
 ( #1646, #570, #121, #724, #260, #893, #1498, #140, #1468, #1209, #915, #315 ),
 .UNSPECIFIED., .F., .F.,
 ( 6, 3, 3, 6 ),
 ( 0.000000000000000000, 1.272763334129999979, 2.545526671790000250, 3.332101693259999831 ),
 .UNSPECIFIED. ) ;
#995 = DIRECTION ( 'NONE',  ( 5.782411586589356653E-16, 0.000000000000000000, -1.000000000000000000 ) ) ;
#996 = EDGE_CURVE ( 'NONE', #1452, #530, #322, .T. ) ;
#997 = VECTOR ( 'NONE', #498, 1000.000000000000000 ) ;
#998 = CARTESIAN_POINT ( 'NONE',  ( 7.000000000000000000, 3.000000000000000000, -6.620944352819999601 ) ) ;
#999 = CARTESIAN_POINT ( 'NONE',  ( -6.042213013260000487, 3.000000000000000000, 11.02532600530000018 ) ) ;
#1000 = CARTESIAN_POINT ( 'NONE',  ( -0.09808319458949998904, 3.000000000000000000, -11.00000000159999836 ) ) ;
#1001 = ORIENTED_EDGE ( 'NONE', *, *, #894, .T. ) ;
#1002 = LINE ( 'NONE', #1590, #464 ) ;
#1003 = ORIENTED_EDGE ( 'NONE', *, *, #333, .F. ) ;
#1004 = DIRECTION ( 'NONE',  ( 0.000000000000000000, 0.000000000000000000, -1.000000000000000000 ) ) ;
#1005 = PERSON_AND_ORGANIZATION_ROLE ( 'design_owner' ) ;
#1006 = EDGE_CURVE ( 'NONE', #1308, #488, #1528, .T. ) ;
#1007 = CARTESIAN_POINT ( 'NONE',  ( 1.090805789539999848, 0.000000000000000000, 12.38869543080000213 ) ) ;
#1008 = CARTESIAN_POINT ( 'NONE',  ( 7.862208888810000573, 0.000000000000000000, 1.952102866119999947 ) ) ;
#1009 = DIRECTION ( 'NONE',  ( 5.782411586589358625E-16, 0.000000000000000000, 1.000000000000000000 ) ) ;
#1010 = CARTESIAN_POINT ( 'NONE',  ( 5.997679065029999812, 3.000000000000000000, 11.34184459510000131 ) ) ;
#1011 = ORIENTED_EDGE ( 'NONE', *, *, #794, .F. ) ;
#1012 = ORIENTED_EDGE ( 'NONE', *, *, #1020, .F. ) ;
#1013 = CC_DESIGN_PERSON_AND_ORGANIZATION_ASSIGNMENT ( #396, #1033, ( #1101 ) ) ;
#1014 = DIRECTION ( 'NONE',  ( 0.000000000000000000, 0.000000000000000000, -1.000000000000000000 ) ) ;
#1015 = APPROVAL_ROLE ( '' ) ;
#1016 = VERTEX_POINT ( 'NONE', #793 ) ;
#1017 = DIRECTION ( 'NONE',  ( 1.000000000000000000, 0.000000000000000000, 0.000000000000000000 ) ) ;
#1018 = CARTESIAN_POINT ( 'NONE',  ( -2.691702641679999619, 0.000000000000000000, -11.86220889089999986 ) ) ;
#1019 = CARTESIAN_POINT ( 'NONE',  ( 0.2619080001599999874, 0.000000000000000000, -12.47300122510000087 ) ) ;
#1020 = EDGE_CURVE ( 'NONE', #540, #1870, #351, .T. ) ;
#1021 = ORIENTED_EDGE ( 'NONE', *, *, #87, .F. ) ;
#1022 = CIRCLE ( 'NONE', #806, 0.4999999996500000266 ) ;
#1023 = CARTESIAN_POINT ( 'NONE',  ( -8.500000000000000000, 0.000000000000000000, 4.277905168559999360 ) ) ;
#1024 = CALENDAR_DATE ( 2026, 3, 9 ) ;
#1025 = EDGE_LOOP ( 'NONE', ( #909, #1502, #122, #452 ) ) ;
#1026 = EDGE_CURVE ( 'NONE', #871, #72, #1395, .T. ) ;
#1027 = VECTOR ( 'NONE', #754, 1000.000000000000000 ) ;
#1028 = CARTESIAN_POINT ( 'NONE',  ( 7.229030470139999665, 3.000000000000000000, -10.54825516900000082 ) ) ;
#1029 = CARTESIAN_POINT ( 'NONE',  ( 5.522186040880000313, 3.000000000000000000, 11.00000000000000000 ) ) ;
#1030 = CARTESIAN_POINT ( 'NONE',  ( -7.000000000000000000, 3.000000000000000000, 11.00000000000000000 ) ) ;
#1031 = VERTEX_POINT ( 'NONE', #1257 ) ;
#1032 = LINE ( 'NONE', #1640, #1727 ) ;
#1033 = PERSON_AND_ORGANIZATION_ROLE ( 'creator' ) ;
#1034 = ORIENTED_EDGE ( 'NONE', *, *, #1515, .T. ) ;
#1035 = FACE_OUTER_BOUND ( 'NONE', #82, .T. ) ;
#1036 = CARTESIAN_POINT ( 'NONE',  ( 7.000000000000000000, 3.000000000000000000, 7.815642384809999399 ) ) ;
#1037 = CARTESIAN_POINT ( 'NONE',  ( 6.005200417859999362, 3.000000000000000000, 11.36796712689999822 ) ) ;
#1038 = DIRECTION ( 'NONE',  ( 0.000000000000000000, -1.000000000000000000, 0.000000000000000000 ) ) ;
#1039 = EDGE_LOOP ( 'NONE', ( #1774, #264, #222, #338 ) ) ;
#1040 = VERTEX_POINT ( 'NONE', #358 ) ;
#1041 = CARTESIAN_POINT ( 'NONE',  ( -1.985027101399999827, 0.000000000000000000, 12.01245405039999881 ) ) ;
#1042 = DIRECTION ( 'NONE',  ( 1.000000000000000000, 0.000000000000000000, 0.000000000000000000 ) ) ;
#1043 = CARTESIAN_POINT ( 'NONE',  ( -5.869653763250000544, 0.000000000000000000, 11.00000000000000000 ) ) ;
#1044 = VECTOR ( 'NONE', #1886, 1000.000000000000000 ) ;
#1045 = CARTESIAN_POINT ( 'NONE',  ( 7.613666948159999670, 0.000000000000000000, -2.398915589680000071 ) ) ;
#1046 = CARTESIAN_POINT ( 'NONE',  ( 1.144365456600000108, 0.000000000000000000, -11.86928046719999941 ) ) ;
#1047 = CARTESIAN_POINT ( 'NONE',  ( -7.000000000000000000, 0.000000000000000000, -0.6666666660460000005 ) ) ;
#1048 = ORIENTED_EDGE ( 'NONE', *, *, #1100, .F. ) ;
#1049 = CYLINDRICAL_SURFACE ( 'NONE', #523, 1.499999999999999556 ) ;
#1050 = EDGE_CURVE ( 'NONE', #1865, #1452, #212, .T. ) ;
#1051 = ORIENTED_EDGE ( 'NONE', *, *, #536, .F. ) ;
#1052 = VECTOR ( 'NONE', #233, 1000.000000000000000 ) ;
#1053 = CARTESIAN_POINT ( 'NONE',  ( 6.831067728310000753, 0.000000000000000000, -12.49895425249999903 ) ) ;
#1054 = CARTESIAN_POINT ( 'NONE',  ( -6.259213879849999884, 3.000000000000000000, 11.17322939370000157 ) ) ;
#1055 = CARTESIAN_POINT ( 'NONE',  ( 8.336367853960000573, 0.000000000000000000, 10.67971337309999846 ) ) ;
#1056 = VECTOR ( 'NONE', #280, 1000.000000000000000 ) ;
#1057 = EDGE_CURVE ( 'NONE', #982, #217, #507, .T. ) ;
#1058 = VECTOR ( 'NONE', #451, 1000.000000000000000 ) ;
#1059 = DIRECTION ( 'NONE',  ( 1.000000000000000000, 0.000000000000000000, 0.000000000000000000 ) ) ;
#1060 = DIRECTION ( 'NONE',  ( 1.000000000000000000, 0.000000000000000000, 0.000000000000000000 ) ) ;
#1061 = VECTOR ( 'NONE', #1557, 1000.000000000000000 ) ;
#1062 = LINE ( 'NONE', #1965, #420 ) ;
#1063 = ORIENTED_EDGE ( 'NONE', *, *, #514, .T. ) ;
#1064 = CARTESIAN_POINT ( 'NONE',  ( -7.000000000000000000, 3.000000000000000000, -8.250000000000000000 ) ) ;
#1065 = ORIENTED_EDGE ( 'NONE', *, *, #1809, .T. ) ;
#1066 = LINE ( 'NONE', #434, #1748 ) ;
#1067 = CARTESIAN_POINT ( 'NONE',  ( 6.999999998439999871, 3.000000000000000000, -3.787611020429999975 ) ) ;
#1068 = EDGE_CURVE ( 'NONE', #254, #1308, #637, .T. ) ;
#1069 = DIRECTION ( 'NONE',  ( 0.000000000000000000, 1.000000000000000000, 0.000000000000000000 ) ) ;
#1070 = CYLINDRICAL_SURFACE ( 'NONE', #1655, 1.499999999999999556 ) ;
#1071 = CARTESIAN_POINT ( 'NONE',  ( -0.09808319620790000026, 1.500000000000000000, -12.50000000000000000 ) ) ;
#1072 = ORIENTED_EDGE ( 'NONE', *, *, #328, .T. ) ;
#1073 = CARTESIAN_POINT ( 'NONE',  ( 1.977138843390000122, 3.000000000000000000, 11.00000000000000000 ) ) ;
#1074 = EDGE_CURVE ( 'NONE', #948, #576, #1264, .T. ) ;
#1075 = ORIENTED_EDGE ( 'NONE', *, *, #1715, .F. ) ;
#1076 = CARTESIAN_POINT ( 'NONE',  ( 0.4771388431409999686, 3.000000000000000000, 11.00000000000000000 ) ) ;
#1077 = DIRECTION ( 'NONE',  ( 0.000000000000000000, 1.000000000000000000, 0.000000000000000000 ) ) ;
#1078 = CARTESIAN_POINT ( 'NONE',  ( 7.400698271879999623, 0.000000000000000000, 10.07560242029999920 ) ) ;
#1079 = CARTESIAN_POINT ( 'NONE',  ( -8.500000000000000000, 0.000000000000000000, -4.833333333019999678 ) ) ;
#1080 = CLOSED_SHELL ( 'NONE', ( #159, #647, #880, #370, #954, #1168, #1761, #1419, #1496, #1272, #1658, #1977, #1249, #435, #1624, #39, #1203, #598, #1231, #768, #1435, #675, #313, #476, #196, #441, #623, #608, #1113, #730, #1591, #1260, #462, #1354, #118, #1346, #544, #508, #654, #1826, #709, #393, #767, #1800, #170, #968, #252, #543, #1568, #1881, #1197 ) ) ;
#1081 = CARTESIAN_POINT ( 'NONE',  ( 7.477138843139999658, 3.000000000000000000, 11.07791050760000040 ) ) ;
#1082 = AXIS2_PLACEMENT_3D ( 'NONE', #162, #771, #1370 ) ;
#1083 = EDGE_LOOP ( 'NONE', ( #465, #1747, #391, #504 ) ) ;
#1084 = CC_DESIGN_APPROVAL ( #1577, ( #1101 ) ) ;
#1085 = CARTESIAN_POINT ( 'NONE',  ( -7.111238502830000918, 0.000000000000000000, -7.000000000000000000 ) ) ;
#1086 = EDGE_CURVE ( 'NONE', #330, #401, #372, .T. ) ;
#1087 = EDGE_CURVE ( 'NONE', #134, #690, #686, .T. ) ;
#1088 = ORIENTED_EDGE ( 'NONE', *, *, #1367, .F. ) ;
#1089 = DIRECTION ( 'NONE',  ( 0.000000000000000000, -1.000000000000000000, 0.000000000000000000 ) ) ;
#1090 = CARTESIAN_POINT ( 'NONE',  ( 8.500000000000000000, 3.000000000000000000, 3.212388980380000092 ) ) ;
#1091 = DIRECTION ( 'NONE',  ( 5.782411586589358625E-16, 0.000000000000000000, -1.000000000000000000 ) ) ;
#1092 = EDGE_CURVE ( 'NONE', #1796, #374, #951, .T. ) ;
#1093 = DIRECTION ( 'NONE',  ( 0.000000000000000000, 0.000000000000000000, 1.000000000000000000 ) ) ;
#1094 = VERTEX_POINT ( 'NONE', #803 ) ;
#1095 = CARTESIAN_POINT ( 'NONE',  ( -7.000000000000000000, 0.000000000000000000, -9.500000000000000000 ) ) ;
#1096 = CIRCLE ( 'NONE', #1343, 1.499999998380000310 ) ;
#1097 = VERTEX_POINT ( 'NONE', #209 ) ;
#1098 = DIRECTION ( 'NONE',  ( 0.000000000000000000, 0.000000000000000000, -1.000000000000000000 ) ) ;
#1099 = CARTESIAN_POINT ( 'NONE',  ( -7.890047095279999922, 0.000000000000000000, 9.932328903360000183 ) ) ;
#1100 = EDGE_CURVE ( 'NONE', #782, #868, #1248, .T. ) ;
#1101 = PRODUCT_DEFINITION ( '�', '', #804, #617 ) ;
#1102 = CARTESIAN_POINT ( 'NONE',  ( 5.449548049079999679, 0.000000000000000000, -11.37500000000000000 ) ) ;
#1103 = CARTESIAN_POINT ( 'NONE',  ( 5.325848206559999909, 3.000000000000000000, -11.14349890600000137 ) ) ;
#1104 = ORIENTED_EDGE ( 'NONE', *, *, #227, .F. ) ;
#1105 = CARTESIAN_POINT ( 'NONE',  ( -8.500000000000000000, 0.000000000000000000, -11.00000000000000000 ) ) ;
#1106 = ORIENTED_EDGE ( 'NONE', *, *, #85, .F. ) ;
#1107 = CARTESIAN_POINT ( 'NONE',  ( -8.500000000000000000, 3.000000000000000000, -4.166666666670000296 ) ) ;
#1108 = CARTESIAN_POINT ( 'NONE',  ( -8.388695430780000351, 0.000000000000000000, -3.552999720329999889 ) ) ;
#1109 = CARTESIAN_POINT ( 'NONE',  ( 1.977138843139999880, 3.000000000000000000, 11.00000000000000000 ) ) ;
#1110 = ORIENTED_EDGE ( 'NONE', *, *, #471, .F. ) ;
#1111 = AXIS2_PLACEMENT_3D ( 'NONE', #935, #149, #335 ) ;
#1112 = LINE ( 'NONE', #1724, #1831 ) ;
#1113 = ADVANCED_FACE ( 'NONE', ( #1873 ), #1404, .T. ) ;
#1114 = AXIS2_PLACEMENT_3D ( 'NONE', #1973, #1038, #758 ) ;
#1115 = ORIENTED_EDGE ( 'NONE', *, *, #1792, .T. ) ;
#1116 = ORIENTED_EDGE ( 'NONE', *, *, #193, .T. ) ;
#1117 = EDGE_CURVE ( 'NONE', #1424, #896, #1239, .T. ) ;
#1118 = CARTESIAN_POINT ( 'NONE',  ( -2.356194490190000046, -7.000000000000000000, 11.00000000000000000 ) ) ;
#1119 = VECTOR ( 'NONE', #564, 1000.000000000000000 ) ;
#1120 = DIRECTION ( 'NONE',  ( 0.000000000000000000, 1.000000000000000000, 0.000000000000000000 ) ) ;
#1121 = CARTESIAN_POINT ( 'NONE',  ( 7.000000000000000000, -7.000000000000000000, -6.620944352949999612 ) ) ;
#1122 = ORIENTED_EDGE ( 'NONE', *, *, #1092, .T. ) ;
#1123 = LINE ( 'NONE', #240, #1409 ) ;
#1124 = B_SPLINE_CURVE_WITH_KNOTS ( 'NONE', 5,
 ( #891, #745, #1344, #1963, #610, #1369, #483, #1841, #914 ),
 .UNSPECIFIED., .F., .F.,
 ( 6, 3, 6 ),
 ( 0.000000000000000000, 1.272763324150000042, 2.194334695229999799 ),
 .UNSPECIFIED. ) ;
#1125 = ORIENTED_EDGE ( 'NONE', *, *, #892, .T. ) ;
#1126 = ORIENTED_EDGE ( 'NONE', *, *, #1379, .T. ) ;
#1127 = CARTESIAN_POINT ( 'NONE',  ( -6.965708265079999961, 3.000000000000000000, -12.50000000000000000 ) ) ;
#1128 = CIRCLE ( 'NONE', #844, 1.499999998380000088 ) ;
#1129 = CARTESIAN_POINT ( 'NONE',  ( -0.8561944901920000017, -7.000000000000000000, 11.00000000000000000 ) ) ;
#1130 = CARTESIAN_POINT ( 'NONE',  ( -7.030936071090000183, 3.000000000000000000, -9.832443079169999933 ) ) ;
#1131 = ORIENTED_EDGE ( 'NONE', *, *, #744, .F. ) ;
#1132 = DIRECTION ( 'NONE',  ( 1.000000000000000000, 0.000000000000000000, 0.000000000000000000 ) ) ;
#1133 = EDGE_LOOP ( 'NONE', ( #271, #1583, #1246, #515 ) ) ;
#1134 = DIRECTION ( 'NONE',  ( 0.000000000000000000, 1.000000000000000000, 0.000000000000000000 ) ) ;
#1135 = DIRECTION ( 'NONE',  ( 1.000000000000000000, 0.000000000000000000, 0.000000000000000000 ) ) ;
#1136 = EDGE_CURVE ( 'NONE', #72, #142, #1839, .T. ) ;
#1137 = CARTESIAN_POINT ( 'NONE',  ( -7.000000000000000000, -7.000000000000000000, -7.000000000000000000 ) ) ;
#1138 = ORIENTED_EDGE ( 'NONE', *, *, #1912, .T. ) ;
#1139 = CYLINDRICAL_SURFACE ( 'NONE', #1219, 1.499999999999999556 ) ;
#1140 = VERTEX_POINT ( 'NONE', #1540 ) ;
#1141 = ORIENTED_EDGE ( 'NONE', *, *, #1413, .T. ) ;
#1142 = EDGE_CURVE ( 'NONE', #602, #669, #1681, .T. ) ;
#1143 = CARTESIAN_POINT ( 'NONE',  ( 7.500000000000000000, 0.000000000000000000, -10.62094435279999871 ) ) ;
#1144 = AXIS2_PLACEMENT_3D ( 'NONE', #1527, #703, #1158 ) ;
#1145 = DIRECTION ( 'NONE',  ( 0.000000000000000000, -1.000000000000000000, 0.000000000000000000 ) ) ;
#1146 = CARTESIAN_POINT ( 'NONE',  ( 8.500000000000000000, 0.000000000000000000, -5.232182855790000531 ) ) ;
#1147 = CARTESIAN_POINT ( 'NONE',  ( 7.359991196809999359, 0.000000000000000000, 1.739387756109999961 ) ) ;
#1148 = CIRCLE ( 'NONE', #300, 1.499999998380000310 ) ;
#1149 = ORIENTED_EDGE ( 'NONE', *, *, #1956, .T. ) ;
#1150 = CARTESIAN_POINT ( 'NONE',  ( -7.351709908080001021, 3.000000000000000000, 9.706034869190000691 ) ) ;
#1151 = VECTOR ( 'NONE', #1791, 1000.000000000000000 ) ;
#1152 = EDGE_CURVE ( 'NONE', #1226, #72, #28, .T. ) ;
#1153 = ORIENTED_EDGE ( 'NONE', *, *, #1912, .F. ) ;
#1154 = FACE_OUTER_BOUND ( 'NONE', #1784, .T. ) ;
#1155 = PERSON_AND_ORGANIZATION_ROLE ( 'classification_officer' ) ;
#1156 = CIRCLE ( 'NONE', #1921, 1.499999998660000333 ) ;
#1157 = AXIS2_PLACEMENT_3D ( 'NONE', #827, #632, #953 ) ;
#1158 = DIRECTION ( 'NONE',  ( -1.408839003530000078E-14, 0.000000000000000000, 1.000000000000000000 ) ) ;
#1159 = PLANE ( 'NONE',  #238 ) ;
#1160 = EDGE_CURVE ( 'NONE', #1097, #964, #860, .T. ) ;
#1161 = CARTESIAN_POINT ( 'NONE',  ( 7.000000001620000134, 3.000000000000000000, 4.545722314839999889 ) ) ;
#1162 = LINE ( 'NONE', #586, #770 ) ;
#1163 = CARTESIAN_POINT ( 'NONE',  ( 5.955287388250000369, 3.000000000000000000, 11.24142647729999922 ) ) ;
#1164 = ORIENTED_EDGE ( 'NONE', *, *, #1464, .T. ) ;
#1165 = DIRECTION ( 'NONE',  ( 0.000000000000000000, 1.000000000000000000, 0.000000000000000000 ) ) ;
#1166 = DATE_AND_TIME ( #1024, #1908 ) ;
#1167 = ORIENTED_EDGE ( 'NONE', *, *, #1744, .F. ) ;
#1168 = ADVANCED_FACE ( 'NONE', ( #684 ), #1926, .T. ) ;
#1169 = CARTESIAN_POINT ( 'NONE',  ( 7.359991198879999530, 0.000000000000000000, -6.593945577529999547 ) ) ;
#1170 = DIRECTION ( 'NONE',  ( 0.000000000000000000, -1.000000000000000000, 0.000000000000000000 ) ) ;
#1171 = CARTESIAN_POINT ( 'NONE',  ( 7.332443073829999491, 0.000000000000000000, 6.014786243670000587 ) ) ;
#1172 = CARTESIAN_POINT ( 'NONE',  ( -6.293625419439999646, 3.000000000000000000, -11.23971388709999886 ) ) ;
#1173 = VERTEX_POINT ( 'NONE', #1775 ) ;
#1174 = EDGE_CURVE ( 'NONE', #320, #1796, #691, .T. ) ;
#1175 = DIRECTION ( 'NONE',  ( 1.000000000000000000, 0.000000000000000000, 0.000000000000000000 ) ) ;
#1176 = ORIENTED_EDGE ( 'NONE', *, *, #913, .T. ) ;
#1177 = VECTOR ( 'NONE', #734, 1000.000000000000000 ) ;
#1178 = ORIENTED_EDGE ( 'NONE', *, *, #1883, .F. ) ;
#1179 = CARTESIAN_POINT ( 'NONE',  ( 8.473001224969999967, 0.000000000000000000, 4.905713510370000030 ) ) ;
#1180 = DIRECTION ( 'NONE',  ( 0.000000000000000000, -1.000000000000000000, 0.000000000000000000 ) ) ;
#1181 = CARTESIAN_POINT ( 'NONE',  ( -6.965708265079999961, 0.000000000000000000, -12.50000000000000000 ) ) ;
#1182 = ORIENTED_EDGE ( 'NONE', *, *, #1100, .T. ) ;
#1183 = ORIENTED_EDGE ( 'NONE', *, *, #119, .F. ) ;
#1184 = DIRECTION ( 'NONE',  ( 1.408839003530000078E-14, 0.000000000000000000, -1.000000000000000000 ) ) ;
#1185 = B_SPLINE_CURVE_WITH_KNOTS ( 'NONE', 5,
 ( #1029, #445, #733, #1781, #1332, #587, #579, #1163, #1188, #1010, #1037, #1619 ),
 .UNSPECIFIED., .F., .F.,
 ( 6, 3, 3, 6 ),
 ( 0.000000000000000000, 0.3841376201120000333, 0.7682752500019999209, 0.9600522986320000340 ),
 .UNSPECIFIED. ) ;
#1186 = VECTOR ( 'NONE', #568, 1000.000000000000000 ) ;
#1187 = DIRECTION ( 'NONE',  ( 0.000000000000000000, 1.000000000000000000, 0.000000000000000000 ) ) ;
#1188 = CARTESIAN_POINT ( 'NONE',  ( 5.988318639510000985, 3.000000000000000000, 11.31607849429999924 ) ) ;
#1189 = CARTESIAN_POINT ( 'NONE',  ( 7.000000000000000000, 3.000000000000000000, -12.50000000000000000 ) ) ;
#1190 = ORIENTED_EDGE ( 'NONE', *, *, #1229, .T. ) ;
#1191 = ORIENTED_EDGE ( 'NONE', *, *, #1314, .F. ) ;
#1192 = CARTESIAN_POINT ( 'NONE',  ( -8.469063928729999802, 0.000000000000000000, 4.499109747710000384 ) ) ;
#1193 = ORIENTED_EDGE ( 'NONE', *, *, #1451, .F. ) ;
#1194 = CARTESIAN_POINT ( 'NONE',  ( 6.580964272649999280, 0.000000000000000000, -12.47778862899999908 ) ) ;
#1195 = CARTESIAN_POINT ( 'NONE',  ( 1.896126252640000009, 0.000000000000000000, 11.53460444829999965 ) ) ;
#1196 = CARTESIAN_POINT ( 'NONE',  ( 8.500000000000000000, 0.000000000000000000, 11.00000000000000000 ) ) ;
#1197 = ADVANCED_FACE ( 'NONE', ( #1154 ), #226, .F. ) ;
#1198 = CARTESIAN_POINT ( 'NONE',  ( 7.177336633230000373, 3.000000000000000000, -10.51069686389999980 ) ) ;
#1199 = LINE ( 'NONE', #1811, #1151 ) ;
#1200 = FACE_OUTER_BOUND ( 'NONE', #920, .T. ) ;
#1201 = VERTEX_POINT ( 'NONE', #1884 ) ;
#1202 = DIRECTION ( 'NONE',  ( 0.000000000000000000, 1.000000000000000000, 0.000000000000000000 ) ) ;
#1203 = ADVANCED_FACE ( 'NONE', ( #1893 ), #833, .T. ) ;
#1204 = CARTESIAN_POINT ( 'NONE',  ( 7.000000000000000000, 3.000000000000000000, -2.287611018869999846 ) ) ;
#1205 = CARTESIAN_POINT ( 'NONE',  ( -6.122138520420000063, 3.000000000000000000, 11.06250495549999968 ) ) ;
#1206 = LINE ( 'NONE', #3, #1916 ) ;
#1207 = AXIS2_PLACEMENT_3D ( 'NONE', #1578, #1745, #1135 ) ;
#1208 = DIRECTION ( 'NONE',  ( 0.000000000000000000, 0.000000000000000000, -1.000000000000000000 ) ) ;
#1209 = CARTESIAN_POINT ( 'NONE',  ( -7.222477255689999431, 0.000000000000000000, 1.343645005020000172 ) ) ;
#1210 = CARTESIAN_POINT ( 'NONE',  ( -0.8561944905670000328, 1.500000000000000000, 12.50000000000000000 ) ) ;
#1211 = ORIENTED_EDGE ( 'NONE', *, *, #674, .T. ) ;
#1212 = EDGE_CURVE ( 'NONE', #11, #1214, #1764, .T. ) ;
#1213 = CARTESIAN_POINT ( 'NONE',  ( -2.098643142160000252, 0.000000000000000000, 11.86928046929999958 ) ) ;
#1214 = VERTEX_POINT ( 'NONE', #1297 ) ;
#1215 = AXIS2_PLACEMENT_3D ( 'NONE', #553, #699, #93 ) ;
#1216 = CARTESIAN_POINT ( 'NONE',  ( 8.500000000000000000, 3.000000000000000000, -5.120944352820000489 ) ) ;
#1217 = DIRECTION ( 'NONE',  ( 1.000000000000000000, 0.000000000000000000, 3.828568698930000354E-16 ) ) ;
#1218 = DIRECTION ( 'NONE',  ( 1.000000000000000000, 0.000000000000000000, 0.000000000000000000 ) ) ;
#1219 = AXIS2_PLACEMENT_3D ( 'NONE', #965, #365, #1450 ) ;
#1220 = LINE ( 'NONE', #1079, #388 ) ;
#1221 = CC_DESIGN_DATE_AND_TIME_ASSIGNMENT ( #727, #1463, ( #1948 ) ) ;
#1222 = VECTOR ( 'NONE', #970, 1000.000000000000000 ) ;
#1223 = CARTESIAN_POINT ( 'NONE',  ( -7.000000000000000000, 3.000000000000000000, -12.50000000000000000 ) ) ;
#1224 = ORIENTED_EDGE ( 'NONE', *, *, #503, .F. ) ;
#1225 = CARTESIAN_POINT ( 'NONE',  ( -6.366288945580000025, 0.000000000000000000, 11.44209061849999998 ) ) ;
#1226 = VERTEX_POINT ( 'NONE', #1743 ) ;
#1227 = DIRECTION ( 'NONE',  ( 0.000000000000000000, 0.000000000000000000, 1.000000000000000000 ) ) ;
#1228 = DIRECTION ( 'NONE',  ( -1.000000000000000000, 0.000000000000000000, 0.000000000000000000 ) ) ;
#1229 = EDGE_CURVE ( 'NONE', #42, #52, #385, .T. ) ;
#1230 = CARTESIAN_POINT ( 'NONE',  ( 7.000000000000000000, 3.000000000000000000, 9.612936864199999931 ) ) ;
#1231 = ADVANCED_FACE ( 'NONE', ( #105 ), #1913, .F. ) ;
#1232 = LINE ( 'NONE', #1842, #1799 ) ;
#1233 = ORIENTED_EDGE ( 'NONE', *, *, #1883, .T. ) ;
#1234 = CARTESIAN_POINT ( 'NONE',  ( -8.500000000000000000, 3.000000000000000000, 2.833333333949999755 ) ) ;
#1235 = ORIENTED_EDGE ( 'NONE', *, *, #471, .T. ) ;
#1236 = CARTESIAN_POINT ( 'NONE',  ( 7.503263445570000023, 0.000000000000000000, -10.62094435279999871 ) ) ;
#1237 = CARTESIAN_POINT ( 'NONE',  ( -8.360088545260000004, 0.000000000000000000, 10.47770722370000129 ) ) ;
#1238 = EDGE_CURVE ( 'NONE', #974, #134, #711, .T. ) ;
#1239 = B_SPLINE_CURVE_WITH_KNOTS ( 'NONE', 5,
 ( #516, #1375, #1726, #1237, #369, #1099, #37, #786, #48, #656, #479, #629 ),
 .UNSPECIFIED., .F., .F.,
 ( 6, 3, 3, 6 ),
 ( 0.000000000000000000, 1.272763322870000158, 2.545526657189999931, 2.570066913239999806 ),
 .UNSPECIFIED. ) ;
#1240 = DIRECTION ( 'NONE',  ( 0.000000000000000000, -1.000000000000000000, 0.000000000000000000 ) ) ;
#1241 = AXIS2_PLACEMENT_3D ( 'NONE', #1397, #314, #1541 ) ;
#1242 = CARTESIAN_POINT ( 'NONE',  ( -8.500000000000000000, 3.000000000000000000, -11.00000000000000000 ) ) ;
#1243 = VERTEX_POINT ( 'NONE', #1143 ) ;
#1244 = LOCAL_TIME ( 0, 13, 41.00000000000000000, #1675 ) ;
#1245 = DIRECTION ( 'NONE',  ( 0.000000000000000000, 0.000000000000000000, -1.000000000000000000 ) ) ;
#1246 = ORIENTED_EDGE ( 'NONE', *, *, #1650, .F. ) ;
#1247 = CARTESIAN_POINT ( 'NONE',  ( 7.102793087509999381, 3.000000000000000000, 11.54572231369999891 ) ) ;
#1248 = LINE ( 'NONE', #1416, #474 ) ;
#1249 = ADVANCED_FACE ( 'NONE', ( #842 ), #1444, .F. ) ;
#1250 = ORGANIZATION ( '未', '未', '' ) ;
#1251 = CARTESIAN_POINT ( 'NONE',  ( 7.111238498630000571, 0.000000000000000000, -2.287611018869999846 ) ) ;
#1252 = CARTESIAN_POINT ( 'NONE',  ( 5.241813368459999900, 3.000000000000000000, -11.07830407740000034 ) ) ;
#1253 = ORIENTED_EDGE ( 'NONE', *, *, #1407, .T. ) ;
#1254 = CARTESIAN_POINT ( 'NONE',  ( -7.000000000000000000, 0.000000000000000000, -7.000000000000000000 ) ) ;
#1255 = VECTOR ( 'NONE', #199, 1000.000000000000000 ) ;
#1256 = ORIENTED_EDGE ( 'NONE', *, *, #1087, .F. ) ;
#1257 = CARTESIAN_POINT ( 'NONE',  ( 1.401916803790000055, 3.000000000000000000, -11.00000000000000000 ) ) ;
#1258 = FACE_OUTER_BOUND ( 'NONE', #736, .T. ) ;
#1259 = CARTESIAN_POINT ( 'NONE',  ( 8.500000000000000000, 3.000000000000000000, -5.120944352949999612 ) ) ;
#1260 = ADVANCED_FACE ( 'NONE', ( #542 ), #1613, .F. ) ;
#1261 = ORIENTED_EDGE ( 'NONE', *, *, #181, .F. ) ;
#1262 = DIRECTION ( 'NONE',  ( 0.000000000000000000, 0.000000000000000000, -1.000000000000000000 ) ) ;
#1263 = ORIENTED_EDGE ( 'NONE', *, *, #805, .F. ) ;
#1264 = LINE ( 'NONE', #1576, #343 ) ;
#1265 = EDGE_CURVE ( 'NONE', #217, #1565, #1309, .T. ) ;
#1266 = LINE ( 'NONE', #389, #956 ) ;
#1267 = CARTESIAN_POINT ( 'NONE',  ( 5.122106845750000303, 3.000000000000000000, -11.02080317229999906 ) ) ;
#1268 = ORIENTED_EDGE ( 'NONE', *, *, #794, .T. ) ;
#1269 = DIRECTION ( 'NONE',  ( 1.000000000000000000, 0.000000000000000000, 0.000000000000000000 ) ) ;
#1270 = AXIS2_PLACEMENT_3D ( 'NONE', #1837, #478, #497 ) ;
#1271 = VERTEX_POINT ( 'NONE', #64 ) ;
#1272 = ADVANCED_FACE ( 'NONE', ( #243 ), #378, .T. ) ;
#1273 = VERTEX_POINT ( 'NONE', #218 ) ;
#1274 = CARTESIAN_POINT ( 'NONE',  ( 7.000000000000000000, -7.000000000000000000, -10.12094435289999872 ) ) ;
#1275 = LINE ( 'NONE', #535, #517 ) ;
#1276 = CARTESIAN_POINT ( 'NONE',  ( 8.128832612760000131, 0.000000000000000000, -6.133398401430000035 ) ) ;
#1277 = VERTEX_POINT ( 'NONE', #823 ) ;
#1278 = FACE_OUTER_BOUND ( 'NONE', #1415, .T. ) ;
#1279 = VERTEX_POINT ( 'NONE', #1425 ) ;
#1280 = ORIENTED_EDGE ( 'NONE', *, *, #220, .F. ) ;
#1281 = DIRECTION ( 'NONE',  ( 0.000000000000000000, 0.000000000000000000, -1.000000000000000000 ) ) ;
#1282 = VECTOR ( 'NONE', #1859, 1000.000000000000000 ) ;
#1283 = DIRECTION ( 'NONE',  ( -1.000000000000000000, 0.000000000000000000, 0.000000000000000000 ) ) ;
#1284 = EDGE_CURVE ( 'NONE', #1891, #413, #976, .T. ) ;
#1285 = CARTESIAN_POINT ( 'NONE',  ( -7.371167387649999903, 3.000000000000000000, -10.51245404900000047 ) ) ;
#1286 = ORIENTED_EDGE ( 'NONE', *, *, #1006, .T. ) ;
#1287 = CYLINDRICAL_SURFACE ( 'NONE', #1759, 1.499999999999999556 ) ;
#1288 = ORIENTED_EDGE ( 'NONE', *, *, #1284, .T. ) ;
#1289 = DIRECTION ( 'NONE',  ( 0.000000000000000000, 0.000000000000000000, 1.000000000000000000 ) ) ;
#1290 = CARTESIAN_POINT ( 'NONE',  ( 3.749662442129999995, 0.000000000000000000, 11.00000000000000000 ) ) ;
#1291 = EDGE_CURVE ( 'NONE', #1685, #79, #440, .T. ) ;
#1292 = CARTESIAN_POINT ( 'NONE',  ( 6.901916803790000721, 0.000000000000000000, -12.50000000000000000 ) ) ;
#1293 = ORIENTED_EDGE ( 'NONE', *, *, #1265, .T. ) ;
#1294 = DIRECTION ( 'NONE',  ( 0.000000000000000000, -1.000000000000000000, 0.000000000000000000 ) ) ;
#1295 = EDGE_LOOP ( 'NONE', ( #1088, #1122, #1762, #1460 ) ) ;
#1296 = VERTEX_POINT ( 'NONE', #1503 ) ;
#1297 = CARTESIAN_POINT ( 'NONE',  ( 4.965425129980000740, 0.000000000000000000, -11.00000000000000000 ) ) ;
#1298 = CIRCLE ( 'NONE', #1241, 1.500000001559999907 ) ;
#1299 = APPLICATION_PROTOCOL_DEFINITION ( 'international standard', 'config_control_design', 1994, #1960 ) ;
#1300 = EDGE_CURVE ( 'NONE', #1685, #254, #1564, .T. ) ;
#1301 = CARTESIAN_POINT ( 'NONE',  ( -8.500000000000000000, -7.000000000000000000, -9.500000000000000000 ) ) ;
#1302 = CARTESIAN_POINT ( 'NONE',  ( 1.489592893119999983, 0.000000000000000000, 12.12883261159999826 ) ) ;
#1303 = CARTESIAN_POINT ( 'NONE',  ( -7.009288014289999147, 3.000000000000000000, 11.16666666649999939 ) ) ;
#1304 = VECTOR ( 'NONE', #1294, 1000.000000000000000 ) ;
#1305 = CARTESIAN_POINT ( 'NONE',  ( 7.087507663010000236, 3.000000000000000000, -10.42063843939999934 ) ) ;
#1306 = CARTESIAN_POINT ( 'NONE',  ( 7.000000000000000000, 1.500000000000000000, -12.50000000000000000 ) ) ;
#1307 = VECTOR ( 'NONE', #455, 1000.000000000000000 ) ;
#1308 = VERTEX_POINT ( 'NONE', #1975 ) ;
#1309 = LINE ( 'NONE', #1735, #1119 ) ;
#1310 = APPROVAL_ROLE ( '' ) ;
#1311 = VECTOR ( 'NONE', #402, 1000.000000000000000 ) ;
#1312 = ORIENTED_EDGE ( 'NONE', *, *, #854, .T. ) ;
#1313 = AXIS2_PLACEMENT_3D ( 'NONE', #1303, #1919, #537 ) ;
#1314 = EDGE_CURVE ( 'NONE', #349, #413, #961, .T. ) ;
#1315 = CARTESIAN_POINT ( 'NONE',  ( 7.179995916590000249, 0.000000000000000000, 1.712388981129999932 ) ) ;
#1316 = CYLINDRICAL_SURFACE ( 'NONE', #1398, 1.499999999999999556 ) ;
#1317 = CARTESIAN_POINT ( 'NONE',  ( 7.111238505600000259, 0.000000000000000000, 6.045722313229999756 ) ) ;
#1318 = VECTOR ( 'NONE', #1549, 1000.000000000000000 ) ;
#1319 = CARTESIAN_POINT ( 'NONE',  ( -6.999999998439999871, 3.000000000000000000, -4.166666667610000374 ) ) ;
#1320 = ORIENTED_EDGE ( 'NONE', *, *, #1642, .T. ) ;
#1321 = FACE_OUTER_BOUND ( 'NONE', #1402, .T. ) ;
#1322 = DIRECTION ( 'NONE',  ( 0.000000000000000000, 0.000000000000000000, 1.000000000000000000 ) ) ;
#1323 = B_SPLINE_CURVE_WITH_KNOTS ( 'NONE', 5,
 ( #409, #1315, #1147, #380, #1008, #229, #845, #687, #1617, #855, #1457, #88 ),
 .UNSPECIFIED., .F., .F.,
 ( 6, 3, 3, 6 ),
 ( 0.000000000000000000, 1.272763332070000031, 2.545526658649999607, 3.332101654129999702 ),
 .UNSPECIFIED. ) ;
#1324 = CARTESIAN_POINT ( 'NONE',  ( 8.500000000000000000, 3.000000000000000000, 3.212388981130000154 ) ) ;
#1325 = LINE ( 'NONE', #427, #1663 ) ;
#1326 = VERTEX_POINT ( 'NONE', #886 ) ;
#1327 = LINE ( 'NONE', #1489, #1058 ) ;
#1328 = APPLICATION_PROTOCOL_DEFINITION ( 'international standard', 'config_control_design', 1994, #500 ) ;
#1329 = VECTOR ( 'NONE', #527, 1000.000000000000000 ) ;
#1330 = CC_DESIGN_SECURITY_CLASSIFICATION ( #1948, ( #804 ) ) ;
#1331 = LINE ( 'NONE', #1036, #1976 ) ;
#1332 = CARTESIAN_POINT ( 'NONE',  ( 5.784465593230000202, 3.000000000000000000, 11.06567068050000024 ) ) ;
#1333 = FACE_OUTER_BOUND ( 'NONE', #550, .T. ) ;
#1334 = ORIENTED_EDGE ( 'NONE', *, *, #56, .T. ) ;
#1335 = CC_DESIGN_PERSON_AND_ORGANIZATION_ASSIGNMENT ( #851, #1155, ( #1948 ) ) ;
#1336 = AXIS2_PLACEMENT_3D ( 'NONE', #593, #1322, #94 ) ;
#1337 = DIRECTION ( 'NONE',  ( 1.000000000000000000, 0.000000000000000000, 0.000000000000000000 ) ) ;
#1338 = PERSON_AND_ORGANIZATION ( #1446, #1250 ) ;
#1339 = ORIENTED_EDGE ( 'NONE', *, *, #1722, .F. ) ;
#1340 = CARTESIAN_POINT ( 'NONE',  ( 6.203820534550000154, 0.000000000000000000, -12.34610098769999986 ) ) ;
#1341 = CARTESIAN_POINT ( 'NONE',  ( 0.4771388433869999668, 0.000000000000000000, 12.50000000000000000 ) ) ;
#1342 = DIRECTION ( 'NONE',  ( 1.000000000000000000, 0.000000000000000000, 0.000000000000000000 ) ) ;
#1343 = AXIS2_PLACEMENT_3D ( 'NONE', #1161, #237, #559 ) ;
#1344 = CARTESIAN_POINT ( 'NONE',  ( 6.667294979300000257, 0.000000000000000000, 12.35989302940000023 ) ) ;
#1345 = DIRECTION ( 'NONE',  ( 1.000000000000000000, 0.000000000000000000, 0.000000000000000000 ) ) ;
#1346 = ADVANCED_FACE ( 'NONE', ( #1470 ), #616, .F. ) ;
#1347 = CARTESIAN_POINT ( 'NONE',  ( 7.400698272509999676, 3.000000000000000000, 10.07560241969999915 ) ) ;
#1348 = EDGE_LOOP ( 'NONE', ( #1957, #1572, #1937, #253 ) ) ;
#1349 = DIRECTION ( 'NONE',  ( 0.000000000000000000, 0.000000000000000000, -1.000000000000000000 ) ) ;
#1350 = VERTEX_POINT ( 'NONE', #272 ) ;
#1351 = DIRECTION ( 'NONE',  ( 0.000000000000000000, -1.000000000000000000, 0.000000000000000000 ) ) ;
#1352 = FACE_OUTER_BOUND ( 'NONE', #1589, .T. ) ;
#1353 = DIRECTION ( 'NONE',  ( 1.000000000000000000, 0.000000000000000000, 0.000000000000000000 ) ) ;
#1354 = ADVANCED_FACE ( 'NONE', ( #897 ), #1797, .F. ) ;
#1355 = CARTESIAN_POINT ( 'NONE',  ( 7.000000000000000000, 3.000000000000000000, 9.585562455779999880 ) ) ;
#1356 = DIRECTION ( 'NONE',  ( 0.000000000000000000, 1.000000000000000000, 0.000000000000000000 ) ) ;
#1357 = B_SPLINE_CURVE_WITH_KNOTS ( 'NONE', 5,
 ( #100, #1790, #1627, #120, #1305, #1198, #1028, #250, #139, #716, #1810, #599 ),
 .UNSPECIFIED., .F., .F.,
 ( 6, 3, 3, 6 ),
 ( 0.000000000000000000, 0.4442763785070000249, 0.8885527535500000740, 1.110241167630000136 ),
 .UNSPECIFIED. ) ;
#1358 = DIRECTION ( 'NONE',  ( 0.000000000000000000, 1.000000000000000000, 0.000000000000000000 ) ) ;
#1359 = ORIENTED_EDGE ( 'NONE', *, *, #1903, .F. ) ;
#1360 = CARTESIAN_POINT ( 'NONE',  ( -0.1895278235900000052, 0.000000000000000000, 12.50000000000000000 ) ) ;
#1361 = DATE_AND_TIME ( #25, #1244 ) ;
#1362 = ORIENTED_EDGE ( 'NONE', *, *, #1584, .F. ) ;
#1363 = CARTESIAN_POINT ( 'NONE',  ( 6.795632992549999862, 0.000000000000000000, -12.49685910750000062 ) ) ;
#1364 = DIRECTION ( 'NONE',  ( 0.000000000000000000, 1.000000000000000000, 0.000000000000000000 ) ) ;
#1365 = CARTESIAN_POINT ( 'NONE',  ( 4.965425130099999862, 1.500000000000000000, -11.00000000000000000 ) ) ;
#1366 = AXIS2_PLACEMENT_3D ( 'NONE', #1657, #756, #1059 ) ;
#1367 = EDGE_CURVE ( 'NONE', #1796, #1562, #759, .T. ) ;
#1368 = VECTOR ( 'NONE', #1180, 1000.000000000000000 ) ;
#1369 = CARTESIAN_POINT ( 'NONE',  ( 6.134519658350000348, 0.000000000000000000, 11.76569879389999862 ) ) ;
#1370 = DIRECTION ( 'NONE',  ( 1.000000000000000000, 0.000000000000000000, 0.000000000000000000 ) ) ;
#1371 = ORIENTED_EDGE ( 'NONE', *, *, #108, .F. ) ;
#1372 = CARTESIAN_POINT ( 'NONE',  ( -6.916520635969999553, 0.000000000000000000, 12.44196785169999941 ) ) ;
#1373 = ORIENTED_EDGE ( 'NONE', *, *, #1531, .F. ) ;
#1374 = FACE_OUTER_BOUND ( 'NONE', #1133, .T. ) ;
#1375 = CARTESIAN_POINT ( 'NONE',  ( -8.480000453860000675, 0.000000000000000000, 10.82111862120000012 ) ) ;
#1376 = LINE ( 'NONE', #1365, #1698 ) ;
#1377 = EDGE_CURVE ( 'NONE', #1449, #374, #1032, .T. ) ;
#1378 = CARTESIAN_POINT ( 'NONE',  ( 7.000000000000000000, 0.000000000000000000, -2.287611018869999846 ) ) ;
#1379 = EDGE_CURVE ( 'NONE', #1273, #306, #1327, .T. ) ;
#1380 = LINE ( 'NONE', #22, #1368 ) ;
#1381 = ORIENTED_EDGE ( 'NONE', *, *, #21, .T. ) ;
#1382 = CARTESIAN_POINT ( 'NONE',  ( 7.000000000000000000, 3.000000000000000000, -0.2876110188659999900 ) ) ;
#1383 = SHAPE_DEFINITION_REPRESENTATION ( #246, #287 ) ;
#1384 = ORIENTED_EDGE ( 'NONE', *, *, #916, .F. ) ;
#1385 = DIRECTION ( 'NONE',  ( 0.000000000000000000, 1.000000000000000000, 0.000000000000000000 ) ) ;
#1386 = DIRECTION ( 'NONE',  ( 1.000000000000000000, 0.000000000000000000, 0.000000000000000000 ) ) ;
#1387 = CARTESIAN_POINT ( 'NONE',  ( 6.901916803910000731, 3.000000000000000000, -11.00000000000000000 ) ) ;
#1388 = CARTESIAN_POINT ( 'NONE',  ( 7.055603949820000054, 3.000000000000000000, 9.824474291870000542 ) ) ;
#1389 = LINE ( 'NONE', #493, #715 ) ;
#1390 = ORIENTED_EDGE ( 'NONE', *, *, #536, .T. ) ;
#1391 = CARTESIAN_POINT ( 'NONE',  ( -8.473001224839999068, 0.000000000000000000, -5.859991198030000348 ) ) ;
#1392 = CC_DESIGN_DATE_AND_TIME_ASSIGNMENT ( #1481, #283, ( #1101 ) ) ;
#1393 = ORIENTED_EDGE ( 'NONE', *, *, #1556, .F. ) ;
#1394 = LINE ( 'NONE', #1858, #447 ) ;
#1395 = LINE ( 'NONE', #1090, #1061 ) ;
#1396 = B_SPLINE_CURVE_WITH_KNOTS ( 'NONE', 5,
 ( #746, #1628, #1019, #882, #1659, #1922, #1046, #421, #905, #278, #1941, #1932 ),
 .UNSPECIFIED., .F., .F.,
 ( 6, 3, 3, 6 ),
 ( 0.000000000000000000, 1.272763330500000123, 2.545526658409999587, 3.332101659939999738 ),
 .UNSPECIFIED. ) ;
#1397 = CARTESIAN_POINT ( 'NONE',  ( -1.431416528600000238, 3.000000000000000000, -10.99999999839999987 ) ) ;
#1398 = AXIS2_PLACEMENT_3D ( 'NONE', #258, #1636, #1009 ) ;
#1399 = CARTESIAN_POINT ( 'NONE',  ( -8.500000000000000000, 0.000000000000000000, 2.833333333949999755 ) ) ;
#1400 = ORIENTED_EDGE ( 'NONE', *, *, #1086, .F. ) ;
#1401 = PLANE ( 'NONE',  #1538 ) ;
#1402 = EDGE_LOOP ( 'NONE', ( #1400, #633, #846, #791 ) ) ;
#1403 = CARTESIAN_POINT ( 'NONE',  ( 7.501631722790000012, 0.000000000000000000, -10.62094435279999871 ) ) ;
#1404 = CYLINDRICAL_SURFACE ( 'NONE', #663, 1.500000000000000000 ) ;
#1405 = AXIS2_PLACEMENT_3D ( 'NONE', #1434, #1594, #1900 ) ;
#1406 = CIRCLE ( 'NONE', #208, 1.500000001559999907 ) ;
#1407 = EDGE_CURVE ( 'NONE', #401, #594, #1945, .T. ) ;
#1408 = DIRECTION ( 'NONE',  ( 0.000000000000000000, -1.000000000000000000, 0.000000000000000000 ) ) ;
#1409 = VECTOR ( 'NONE', #382, 1000.000000000000000 ) ;
#1410 = DIRECTION ( 'NONE',  ( -1.000000000000000000, 0.000000000000000000, -1.408839003530000078E-14 ) ) ;
#1411 = ORIENTED_EDGE ( 'NONE', *, *, #1515, .F. ) ;
#1412 = CARTESIAN_POINT ( 'NONE',  ( -6.366288945580000025, 0.000000000000000000, 11.44209061849999998 ) ) ;
#1413 = EDGE_CURVE ( 'NONE', #583, #1271, #1660, .T. ) ;
#1414 = AXIS2_PLACEMENT_3D ( 'NONE', #297, #764, #1969 ) ;
#1415 = EDGE_LOOP ( 'NONE', ( #859, #1268, #1978, #1153 ) ) ;
#1416 = CARTESIAN_POINT ( 'NONE',  ( -4.181416530159999922, 3.000000000000000000, -11.00000000000000000 ) ) ;
#1417 = CYLINDRICAL_SURFACE ( 'NONE', #1495, 1.499999999999999556 ) ;
#1418 = AXIS2_PLACEMENT_3D ( 'NONE', #17, #942, #332 ) ;
#1419 = ADVANCED_FACE ( 'NONE', ( #1955 ), #1049, .T. ) ;
#1420 = LINE ( 'NONE', #1259, #4 ) ;
#1421 = ORIENTED_EDGE ( 'NONE', *, *, #1792, .F. ) ;
#1422 = CARTESIAN_POINT ( 'NONE',  ( -7.377322003750000690, 3.000000000000000000, 9.712517092819998865 ) ) ;
#1423 = ORIENTED_EDGE ( 'NONE', *, *, #1117, .T. ) ;
#1424 = VERTEX_POINT ( 'NONE', #721 ) ;
#1425 = CARTESIAN_POINT ( 'NONE',  ( 7.000000000000000000, 3.000000000000000000, -12.50000000000000000 ) ) ;
#1426 = CARTESIAN_POINT ( 'NONE',  ( 6.010924240569999633, 0.000000000000000000, 11.39447762630000049 ) ) ;
#1427 = B_SPLINE_CURVE_WITH_KNOTS ( 'NONE', 5,
 ( #865, #1465, #1169, #1779, #1625, #1276, #529, #853, #286, #1902, #1146, #1808 ),
 .UNSPECIFIED., .F., .F.,
 ( 6, 3, 3, 6 ),
 ( 0.000000000000000000, 1.272763339389999748, 2.545526685040000014, 3.332101682819999855 ),
 .UNSPECIFIED. ) ;
#1428 = DIRECTION ( 'NONE',  ( 0.000000000000000000, 0.000000000000000000, 1.000000000000000000 ) ) ;
#1429 = ORIENTED_EDGE ( 'NONE', *, *, #864, .T. ) ;
#1430 = AXIS2_PLACEMENT_3D ( 'NONE', #1301, #1517, #1652 ) ;
#1431 = FACE_OUTER_BOUND ( 'NONE', #1552, .T. ) ;
#1432 = EDGE_LOOP ( 'NONE', ( #1649, #103, #91, #511 ) ) ;
#1433 = ORIENTED_EDGE ( 'NONE', *, *, #1584, .T. ) ;
#1434 = CARTESIAN_POINT ( 'NONE',  ( 1.977138843139999880, -7.000000000000000000, 11.00000000000000000 ) ) ;
#1435 = ADVANCED_FACE ( 'NONE', ( #1321 ), #929, .F. ) ;
#1436 = EDGE_CURVE ( 'NONE', #130, #971, #1499, .T. ) ;
#1437 = AXIS2_PLACEMENT_3D ( 'NONE', #1387, #609, #638 ) ;
#1438 = CARTESIAN_POINT ( 'NONE',  ( 8.500000000000000000, 0.000000000000000000, -11.00000000000000000 ) ) ;
#1439 = CARTESIAN_POINT ( 'NONE',  ( -8.500000000000000000, 3.000000000000000000, -11.00000000000000000 ) ) ;
#1440 = ORIENTED_EDGE ( 'NONE', *, *, #1809, .F. ) ;
#1441 = CARTESIAN_POINT ( 'NONE',  ( -8.500000000000000000, 0.000000000000000000, 4.166666666050000245 ) ) ;
#1442 = ORIENTED_EDGE ( 'NONE', *, *, #180, .T. ) ;
#1443 = ORIENTED_EDGE ( 'NONE', *, *, #528, .T. ) ;
#1444 = PLANE ( 'NONE',  #621 ) ;
#1445 = EDGE_CURVE ( 'NONE', #376, #142, #783, .T. ) ;
#1446 = PERSON ( '未', '未', '未', ('未'), ('未'), ('未') ) ;
#1447 = DIRECTION ( 'NONE',  ( 0.000000000000000000, -1.000000000000000000, 0.000000000000000000 ) ) ;
#1448 = DIRECTION ( 'NONE',  ( 0.000000000000000000, -1.000000000000000000, 0.000000000000000000 ) ) ;
#1449 = VERTEX_POINT ( 'NONE', #653 ) ;
#1450 = DIRECTION ( 'NONE',  ( 5.782411586589358625E-16, 0.000000000000000000, 1.000000000000000000 ) ) ;
#1451 = EDGE_CURVE ( 'NONE', #948, #349, #938, .T. ) ;
#1452 = VERTEX_POINT ( 'NONE', #1225 ) ;
#1453 = VERTEX_POINT ( 'NONE', #1073 ) ;
#1454 = CARTESIAN_POINT ( 'NONE',  ( -7.000000000000000000, -7.000000000000000000, 2.833333333329999704 ) ) ;
#1455 = CARTESIAN_POINT ( 'NONE',  ( 6.901916803790000721, 0.000000000000000000, -12.50000000000000000 ) ) ;
#1456 = CARTESIAN_POINT ( 'NONE',  ( -5.927740178059999643, 3.000000000000000000, 11.00210875890000040 ) ) ;
#1457 = CARTESIAN_POINT ( 'NONE',  ( 8.500000000000000000, 0.000000000000000000, 3.101150478489999696 ) ) ;
#1458 = DIRECTION ( 'NONE',  ( 0.000000000000000000, 1.000000000000000000, 0.000000000000000000 ) ) ;
#1459 = DIRECTION ( 'NONE',  ( 0.000000000000000000, 0.000000000000000000, 1.000000000000000000 ) ) ;
#1460 = ORIENTED_EDGE ( 'NONE', *, *, #751, .F. ) ;
#1461 = CARTESIAN_POINT ( 'NONE',  ( -7.856194490190000046, 3.000000000000000000, 11.26836247419999992 ) ) ;
#1462 = CIRCLE ( 'NONE', #169, 1.499999998380000310 ) ;
#1463 = DATE_TIME_ROLE ( 'classification_date' ) ;
#1464 = EDGE_CURVE ( 'NONE', #261, #520, #1854, .T. ) ;
#1465 = CARTESIAN_POINT ( 'NONE',  ( 7.179995917629999447, 0.000000000000000000, -6.620944352819999601 ) ) ;
#1466 = VECTOR ( 'NONE', #1289, 1000.000000000000000 ) ;
#1467 = ORIENTED_EDGE ( 'NONE', *, *, #705, .T. ) ;
#1468 = CARTESIAN_POINT ( 'NONE',  ( -7.332443072439999376, 0.000000000000000000, 1.364269403119999780 ) ) ;
#1469 = ORIENTED_EDGE ( 'NONE', *, *, #450, .F. ) ;
#1470 = FACE_OUTER_BOUND ( 'NONE', #712, .T. ) ;
#1471 = PERSON_AND_ORGANIZATION_ROLE ( 'design_supplier' ) ;
#1472 = ORIENTED_EDGE ( 'NONE', *, *, #1142, .T. ) ;
#1473 = B_SPLINE_CURVE_WITH_KNOTS ( 'NONE', 5,
 ( #1579, #945, #651, #51, #1103, #1252, #659, #1267, #502, #1571, #809, #484 ),
 .UNSPECIFIED., .F., .F.,
 ( 6, 3, 3, 6 ),
 ( 0.000000000000000000, 0.3728143548990000000, 0.7456287031269999144, 0.9317690013730000054 ),
 .UNSPECIFIED. ) ;
#1474 = AXIS2_PLACEMENT_3D ( 'NONE', #510, #1729, #1428 ) ;
#1475 = B_SPLINE_CURVE_WITH_KNOTS ( 'NONE', 5,
 ( #780, #787, #769, #160, #1971, #8, #1388, #649, #30, #20, #1230, #1355 ),
 .UNSPECIFIED., .F., .F.,
 ( 6, 3, 3, 6 ),
 ( 0.000000000000000000, 0.3877325381200000254, 0.7754650567280000351, 0.9690313506159999868 ),
 .UNSPECIFIED. ) ;
#1476 = CARTESIAN_POINT ( 'NONE',  ( -2.300696998410000305, 0.000000000000000000, -12.24244865220000023 ) ) ;
#1477 = FACE_OUTER_BOUND ( 'NONE', #62, .T. ) ;
#1478 = EDGE_CURVE ( 'NONE', #405, #1140, #495, .T. ) ;
#1479 = ORIENTED_EDGE ( 'NONE', *, *, #1229, .F. ) ;
#1480 = CARTESIAN_POINT ( 'NONE',  ( -7.179995916170000214, 0.000000000000000000, 5.666666666049999357 ) ) ;
#1481 = DATE_AND_TIME ( #1641, #863 ) ;
#1482 = ORIENTED_EDGE ( 'NONE', *, *, #460, .T. ) ;
#1483 = APPROVAL ( #887, '未' ) ;
#1484 = DIRECTION ( 'NONE',  ( 0.000000000000000000, 0.000000000000000000, 1.000000000000000000 ) ) ;
#1485 = CARTESIAN_POINT ( 'NONE',  ( 8.500000000000000000, 0.000000000000000000, 4.725718229980000906 ) ) ;
#1486 = CARTESIAN_POINT ( 'NONE',  ( 8.500000000000000000, 0.000000000000000000, -3.787611018869999846 ) ) ;
#1487 = VERTEX_POINT ( 'NONE', #1234 ) ;
#1488 = ORIENTED_EDGE ( 'NONE', *, *, #996, .T. ) ;
#1489 = CARTESIAN_POINT ( 'NONE',  ( 8.500000000000000000, 3.000000000000000000, -11.00000000000000000 ) ) ;
#1490 = COORDINATED_UNIVERSAL_TIME_OFFSET ( 8, 0, .AHEAD. ) ;
#1491 = ORIENTED_EDGE ( 'NONE', *, *, #399, .T. ) ;
#1492 = DIRECTION ( 'NONE',  ( 0.000000000000000000, 0.000000000000000000, -1.000000000000000000 ) ) ;
#1493 = CARTESIAN_POINT ( 'NONE',  ( 7.000000000000000000, 0.000000000000000000, -12.50000000000000000 ) ) ;
#1494 = DIRECTION ( 'NONE',  ( 0.000000000000000000, 1.000000000000000000, 0.000000000000000000 ) ) ;
#1495 = AXIS2_PLACEMENT_3D ( 'NONE', #1129, #86, #836 ) ;
#1496 = ADVANCED_FACE ( 'NONE', ( #1705 ), #1401, .F. ) ;
#1497 = CARTESIAN_POINT ( 'NONE',  ( -1.763859610839999981, 0.000000000000000000, -12.46906392850000067 ) ) ;
#1498 = CARTESIAN_POINT ( 'NONE',  ( -7.869280469579999604, 0.000000000000000000, 1.590884682530000038 ) ) ;
#1499 = CIRCLE ( 'NONE', #1626, 1.499999998380000310 ) ;
#1500 = CARTESIAN_POINT ( 'NONE',  ( -7.000000001620000134, 0.000000000000000000, 11.00000000159999836 ) ) ;
#1501 = ORIENTED_EDGE ( 'NONE', *, *, #327, .T. ) ;
#1502 = ORIENTED_EDGE ( 'NONE', *, *, #12, .T. ) ;
#1503 = CARTESIAN_POINT ( 'NONE',  ( -1.431416530160000145, 0.000000000000000000, -12.50000000000000000 ) ) ;
#1504 = VERTEX_POINT ( 'NONE', #1095 ) ;
#1505 = FACE_OUTER_BOUND ( 'NONE', #1039, .T. ) ;
#1506 = CARTESIAN_POINT ( 'NONE',  ( 7.000000000000000000, 3.000000000000000000, 6.045722313229999756 ) ) ;
#1507 = CARTESIAN_POINT ( 'NONE',  ( -8.500000000000000000, 3.000000000000000000, -4.166666666050000245 ) ) ;
#1508 = EDGE_CURVE ( 'NONE', #381, #602, #176, .T. ) ;
#1509 = DIRECTION ( 'NONE',  ( 0.000000000000000000, 0.000000000000000000, -1.000000000000000000 ) ) ;
#1510 = DIRECTION ( 'NONE',  ( 1.000000000000000000, 0.000000000000000000, 0.000000000000000000 ) ) ;
#1511 = CARTESIAN_POINT ( 'NONE',  ( 7.000000000000000000, -7.000000000000000000, 4.545722313719999796 ) ) ;
#1512 = ORIENTED_EDGE ( 'NONE', *, *, #1682, .F. ) ;
#1513 = CARTESIAN_POINT ( 'NONE',  ( -7.000000000000000000, 3.000000000000000000, -4.166666666670000296 ) ) ;
#1514 = EDGE_CURVE ( 'NONE', #426, #1723, #1851, .T. ) ;
#1515 = EDGE_CURVE ( 'NONE', #896, #320, #1022, .T. ) ;
#1516 = VERTEX_POINT ( 'NONE', #505 ) ;
#1517 = DIRECTION ( 'NONE',  ( 0.000000000000000000, -1.000000000000000000, 0.000000000000000000 ) ) ;
#1518 = CARTESIAN_POINT ( 'NONE',  ( 0.8095819230569999414, 0.000000000000000000, 12.46906392880000070 ) ) ;
#1519 = CARTESIAN_POINT ( 'NONE',  ( 7.747644403289999815, 0.000000000000000000, 10.17337273889999949 ) ) ;
#1520 = CARTESIAN_POINT ( 'NONE',  ( 7.000000000000000000, 3.000000000000000000, 1.712388981129999932 ) ) ;
#1521 = DIRECTION ( 'NONE',  ( 1.000000000000000000, 0.000000000000000000, 0.000000000000000000 ) ) ;
#1522 = FACE_OUTER_BOUND ( 'NONE', #293, .T. ) ;
#1523 = VERTEX_POINT ( 'NONE', #1105 ) ;
#1524 = LINE ( 'NONE', #957, #305 ) ;
#1525 = EDGE_CURVE ( 'NONE', #1326, #424, #13, .T. ) ;
#1526 = ORIENTED_EDGE ( 'NONE', *, *, #1525, .T. ) ;
#1527 = CARTESIAN_POINT ( 'NONE',  ( 7.000000000000000000, -7.000000000000000000, -6.620944352949999612 ) ) ;
#1528 = LINE ( 'NONE', #814, #1669 ) ;
#1529 = DIRECTION ( 'NONE',  ( 0.000000000000000000, 1.000000000000000000, 0.000000000000000000 ) ) ;
#1530 = VECTOR ( 'NONE', #296, 1000.000000000000000 ) ;
#1531 = EDGE_CURVE ( 'NONE', #488, #1865, #1524, .T. ) ;
#1532 = AXIS2_PLACEMENT_3D ( 'NONE', #1247, #1089, #1098 ) ;
#1533 = CARTESIAN_POINT ( 'NONE',  ( -1.431416529420000083, 3.000000000000000000, -11.00000000000000000 ) ) ;
#1534 = CARTESIAN_POINT ( 'NONE',  ( 7.400698271879999623, 0.000000000000000000, 10.07560242029999920 ) ) ;
#1535 = ORIENTED_EDGE ( 'NONE', *, *, #1057, .F. ) ;
#1536 = CARTESIAN_POINT ( 'NONE',  ( -8.418987409970000613, 0.000000000000000000, -6.034604446809999523 ) ) ;
#1537 = VERTEX_POINT ( 'NONE', #205 ) ;
#1538 = AXIS2_PLACEMENT_3D ( 'NONE', #326, #43, #355 ) ;
#1539 = CYLINDRICAL_SURFACE ( 'NONE', #1532, 1.499999999999999556 ) ;
#1540 = CARTESIAN_POINT ( 'NONE',  ( -7.000000000000000000, 3.000000000000000000, -2.666666666049999801 ) ) ;
#1541 = DIRECTION ( 'NONE',  ( 1.000000000000000000, 0.000000000000000000, 0.000000000000000000 ) ) ;
#1542 = VECTOR ( 'NONE', #1077, 1000.000000000000000 ) ;
#1543 = DIRECTION ( 'NONE',  ( -1.408839003530000078E-14, 0.000000000000000000, 1.000000000000000000 ) ) ;
#1544 = ORIENTED_EDGE ( 'NONE', *, *, #680, .F. ) ;
#1545 = DIRECTION ( 'NONE',  ( 0.000000000000000000, -1.000000000000000000, 0.000000000000000000 ) ) ;
#1546 = APPROVAL_DATE_TIME ( #1361, #522 ) ;
#1547 = ORIENTED_EDGE ( 'NONE', *, *, #31, .T. ) ;
#1548 = CARTESIAN_POINT ( 'NONE',  ( 8.369648006509999405, 0.000000000000000000, -10.88409184060000001 ) ) ;
#1549 = DIRECTION ( 'NONE',  ( 0.000000000000000000, 0.000000000000000000, -1.000000000000000000 ) ) ;
#1550 = CARTESIAN_POINT ( 'NONE',  ( 8.500000000000000000, 0.000000000000000000, -4.454277685840001055 ) ) ;
#1551 = DIRECTION ( 'NONE',  ( 1.000000000000000000, 0.000000000000000000, 0.000000000000000000 ) ) ;
#1552 = EDGE_LOOP ( 'NONE', ( #1905, #1211, #627, #1512 ) ) ;
#1553 = CARTESIAN_POINT ( 'NONE',  ( -8.500000000000000000, 0.000000000000000000, -5.679995917200000299 ) ) ;
#1554 = ORIENTED_EDGE ( 'NONE', *, *, #1867, .T. ) ;
#1555 = CARTESIAN_POINT ( 'NONE',  ( 7.850919777550001477, 0.000000000000000000, -10.64944740319999816 ) ) ;
#1556 = EDGE_CURVE ( 'NONE', #1452, #1094, #481, .T. ) ;
#1557 = DIRECTION ( 'NONE',  ( 0.000000000000000000, 1.000000000000000000, 0.000000000000000000 ) ) ;
#1558 = CIRCLE ( 'NONE', #1207, 1.499999998380000310 ) ;
#1559 = EDGE_CURVE ( 'NONE', #1040, #530, #1789, .T. ) ;
#1560 = CARTESIAN_POINT ( 'NONE',  ( 7.000000000000000000, -7.000000000000000000, -2.287611019620000352 ) ) ;
#1561 = LINE ( 'NONE', #1109, #1765 ) ;
#1562 = VERTEX_POINT ( 'NONE', #1441 ) ;
#1563 = DIRECTION ( 'NONE',  ( 0.000000000000000000, -1.000000000000000000, 0.000000000000000000 ) ) ;
#1564 = B_SPLINE_CURVE_WITH_KNOTS ( 'NONE', 5,
 ( #1621, #877, #307, #573, #584, #1041, #1213, #1967, #592, #1805, #1936, #1632 ),
 .UNSPECIFIED., .F., .F.,
 ( 6, 3, 3, 6 ),
 ( 0.000000000000000000, 1.272763333640000161, 2.545526670060000551, 3.332101652029999972 ),
 .UNSPECIFIED. ) ;
#1565 = VERTEX_POINT ( 'NONE', #61 ) ;
#1566 = DIRECTION ( 'NONE',  ( 0.000000000000000000, 1.000000000000000000, 0.000000000000000000 ) ) ;
#1567 = AXIS2_PLACEMENT_3D ( 'NONE', #1461, #534, #1004 ) ;
#1568 = ADVANCED_FACE ( 'NONE', ( #1278 ), #1287, .T. ) ;
#1569 = DIRECTION ( 'NONE',  ( 0.000000000000000000, 0.000000000000000000, 1.000000000000000000 ) ) ;
#1570 = CIRCLE ( 'NONE', #713, 1.500000001939999938 ) ;
#1571 = CARTESIAN_POINT ( 'NONE',  ( 5.018073679340000481, 3.000000000000000000, -11.00173241049999895 ) ) ;
#1572 = ORIENTED_EDGE ( 'NONE', *, *, #751, .T. ) ;
#1573 = FACE_OUTER_BOUND ( 'NONE', #1593, .T. ) ;
#1574 = AXIS2_PLACEMENT_3D ( 'NONE', #1930, #706, #978 ) ;
#1575 = ORIENTED_EDGE ( 'NONE', *, *, #1676, .T. ) ;
#1576 = CARTESIAN_POINT ( 'NONE',  ( 8.500000000000000000, 1.500000000000000000, -3.787611018869999846 ) ) ;
#1577 = APPROVAL ( #1776, '未' ) ;
#1578 = CARTESIAN_POINT ( 'NONE',  ( -8.499999998379999866, 0.000000000000000000, -9.500000001619998358 ) ) ;
#1579 = CARTESIAN_POINT ( 'NONE',  ( 5.449548048899999664, 3.000000000000000000, -11.37500000000000000 ) ) ;
#1580 = ORIENTED_EDGE ( 'NONE', *, *, #949, .T. ) ;
#1581 = CARTESIAN_POINT ( 'NONE',  ( -4.181416530159999922, 0.000000000000000000, -11.00000000000000000 ) ) ;
#1582 = ORIENTED_EDGE ( 'NONE', *, *, #588, .T. ) ;
#1583 = ORIENTED_EDGE ( 'NONE', *, *, #805, .T. ) ;
#1584 = EDGE_CURVE ( 'NONE', #1565, #1243, #988, .T. ) ;
#1585 = CARTESIAN_POINT ( 'NONE',  ( 7.000000000000000000, 1.500000000000000000, -6.620944352949999612 ) ) ;
#1586 = EDGE_CURVE ( 'NONE', #175, #1016, #80, .T. ) ;
#1587 = CARTESIAN_POINT ( 'NONE',  ( -7.000000000000000000, 1.500000000000000000, -9.500000000000000000 ) ) ;
#1588 = DIRECTION ( 'NONE',  ( 0.000000000000000000, 1.000000000000000000, 0.000000000000000000 ) ) ;
#1589 = EDGE_LOOP ( 'NONE', ( #1526, #879, #1371, #590 ) ) ;
#1590 = CARTESIAN_POINT ( 'NONE',  ( -8.500000000000000000, 3.000000000000000000, 11.00000000000000000 ) ) ;
#1591 = ADVANCED_FACE ( 'NONE', ( #1573 ), #521, .T. ) ;
#1592 = ORIENTED_EDGE ( 'NONE', *, *, #414, .F. ) ;
#1593 = EDGE_LOOP ( 'NONE', ( #163, #356, #485, #1280 ) ) ;
#1594 = DIRECTION ( 'NONE',  ( 1.402715769530000159E-14, 0.000000000000000000, -1.000000000000000000 ) ) ;
#1595 = DIRECTION ( 'NONE',  ( 1.000000000000000000, 0.000000000000000000, 0.000000000000000000 ) ) ;
#1596 = CIRCLE ( 'NONE', #989, 1.499999998380000310 ) ;
#1597 = LINE ( 'NONE', #1587, #98 ) ;
#1598 = CYLINDRICAL_SURFACE ( 'NONE', #1574, 1.499999999999999556 ) ;
#1599 = ORIENTED_EDGE ( 'NONE', *, *, #1731, .T. ) ;
#1600 = CARTESIAN_POINT ( 'NONE',  ( 7.500000000000000000, 1.500000000000000000, -10.62094435289999872 ) ) ;
#1601 = ORIENTED_EDGE ( 'NONE', *, *, #1451, .T. ) ;
#1602 = CARTESIAN_POINT ( 'NONE',  ( -7.000000000000000000, -7.000000000000000000, 5.666666666669999408 ) ) ;
#1603 = VECTOR ( 'NONE', #1448, 1000.000000000000000 ) ;
#1604 = SECURITY_CLASSIFICATION_LEVEL ( 'unclassified' ) ;
#1605 = MANIFOLD_SOLID_BREP ( '__7', #1080 ) ;
#1606 = CARTESIAN_POINT ( 'NONE',  ( -7.000000000000000000, 3.000000000000000000, -9.500000000000000000 ) ) ;
#1607 = CARTESIAN_POINT ( 'NONE',  ( 1.950140068470000099, 0.000000000000000000, 11.35999119640000110 ) ) ;
#1608 = LINE ( 'NONE', #1137, #940 ) ;
#1609 = FACE_OUTER_BOUND ( 'NONE', #107, .T. ) ;
#1610 = CARTESIAN_POINT ( 'NONE',  ( 6.901916805229999952, 3.000000000000000000, -10.99999999809999984 ) ) ;
#1611 = ORIENTED_EDGE ( 'NONE', *, *, #151, .T. ) ;
#1612 = ORIENTED_EDGE ( 'NONE', *, *, #1731, .F. ) ;
#1613 = PLANE ( 'NONE',  #425 ) ;
#1614 = APPROVAL_DATE_TIME ( #1166, #1577 ) ;
#1615 = CARTESIAN_POINT ( 'NONE',  ( 1.737424955560000095, 0.000000000000000000, 11.86220889069999984 ) ) ;
#1616 = EDGE_CURVE ( 'NONE', #1843, #840, #1123, .T. ) ;
#1617 = CARTESIAN_POINT ( 'NONE',  ( 8.469063928809999808, 0.000000000000000000, 2.879945899729999592 ) ) ;
#1618 = CARTESIAN_POINT ( 'NONE',  ( -2.904417755739999940, 0.000000000000000000, -11.35999119309999905 ) ) ;
#1619 = CARTESIAN_POINT ( 'NONE',  ( 6.010924241190000572, 3.000000000000000000, 11.39447762689999877 ) ) ;
#1620 = ORIENTED_EDGE ( 'NONE', *, *, #1367, .T. ) ;
#1621 = CARTESIAN_POINT ( 'NONE',  ( -0.8561944905670000328, 0.000000000000000000, 12.50000000000000000 ) ) ;
#1622 = VECTOR ( 'NONE', #601, 1000.000000000000000 ) ;
#1623 = ORIENTED_EDGE ( 'NONE', *, *, #1525, .F. ) ;
#1624 = ADVANCED_FACE ( 'NONE', ( #1431 ), #1139, .T. ) ;
#1625 = CARTESIAN_POINT ( 'NONE',  ( 7.862208890499998937, 0.000000000000000000, -6.381230465489999837 ) ) ;
#1626 = AXIS2_PLACEMENT_3D ( 'NONE', #1871, #475, #348 ) ;
#1627 = CARTESIAN_POINT ( 'NONE',  ( 7.009869074989999227, 3.000000000000000000, -10.24660399100000063 ) ) ;
#1628 = CARTESIAN_POINT ( 'NONE',  ( 0.08191272015990000432, 0.000000000000000000, -12.50000000000000000 ) ) ;
#1629 = CARTESIAN_POINT ( 'NONE',  ( -5.431416530159999922, 3.000000000000000000, -11.00000000000000000 ) ) ;
#1630 = ORIENTED_EDGE ( 'NONE', *, *, #1956, .F. ) ;
#1631 = ORIENTED_EDGE ( 'NONE', *, *, #1514, .T. ) ;
#1632 = CARTESIAN_POINT ( 'NONE',  ( -2.356194490570000077, 0.000000000000000000, 11.00000000000000000 ) ) ;
#1633 = DATE_AND_TIME ( #738, #5 ) ;
#1634 = ORIENTED_EDGE ( 'NONE', *, *, #1074, .T. ) ;
#1635 = CC_DESIGN_PERSON_AND_ORGANIZATION_ASSIGNMENT ( #124, #1471, ( #804 ) ) ;
#1636 = DIRECTION ( 'NONE',  ( 0.000000000000000000, -1.000000000000000000, 0.000000000000000000 ) ) ;
#1637 = CARTESIAN_POINT ( 'NONE',  ( -7.000000000000000000, 0.000000000000000000, -7.000000000000000000 ) ) ;
#1638 = DIRECTION ( 'NONE',  ( 0.000000000000000000, -1.000000000000000000, 0.000000000000000000 ) ) ;
#1639 = ORIENTED_EDGE ( 'NONE', *, *, #1840, .F. ) ;
#1640 = CARTESIAN_POINT ( 'NONE',  ( -7.000000000000000000, 3.000000000000000000, 7.447233617310000220 ) ) ;
#1641 = CALENDAR_DATE ( 2026, 3, 9 ) ;
#1642 = EDGE_CURVE ( 'NONE', #1449, #1350, #665, .T. ) ;
#1643 = ORIENTED_EDGE ( 'NONE', *, *, #729, .F. ) ;
#1644 = LINE ( 'NONE', #468, #926 ) ;
#1645 = CARTESIAN_POINT ( 'NONE',  ( -1.542655032220000111, 0.000000000000000000, -12.50000000000000000 ) ) ;
#1646 = CARTESIAN_POINT ( 'NONE',  ( -8.500000000000000000, 0.000000000000000000, 2.833333333949999755 ) ) ;
#1647 = CARTESIAN_POINT ( 'NONE',  ( 7.503263446239999190, 3.000000000000000000, -12.12094435289999872 ) ) ;
#1648 = ORIENTED_EDGE ( 'NONE', *, *, #885, .F. ) ;
#1649 = ORIENTED_EDGE ( 'NONE', *, *, #1736, .F. ) ;
#1650 = EDGE_CURVE ( 'NONE', #971, #569, #1156, .T. ) ;
#1651 = DIRECTION ( 'NONE',  ( 1.000000000000000000, 0.000000000000000000, 0.000000000000000000 ) ) ;
#1652 = DIRECTION ( 'NONE',  ( 0.000000000000000000, 0.000000000000000000, -1.000000000000000000 ) ) ;
#1653 = CARTESIAN_POINT ( 'NONE',  ( 6.950958401900000361, 0.000000000000000000, -12.50000000000000000 ) ) ;
#1654 = LINE ( 'NONE', #298, #74 ) ;
#1655 = AXIS2_PLACEMENT_3D ( 'NONE', #1533, #323, #1091 ) ;
#1656 = CARTESIAN_POINT ( 'NONE',  ( 7.477138841489999521, 3.000000000000000000, 11.07791050839999869 ) ) ;
#1657 = CARTESIAN_POINT ( 'NONE',  ( 7.500000001580000131, 0.000000000000000000, -10.12094435119999858 ) ) ;
#1658 = ADVANCED_FACE ( 'NONE', ( #90 ), #847, .F. ) ;
#1659 = CARTESIAN_POINT ( 'NONE',  ( 0.7641256948060000109, 0.000000000000000000, -12.26028611289999937 ) ) ;
#1660 = CIRCLE ( 'NONE', #266, 1.499999998380000310 ) ;
#1661 = PLANE ( 'NONE',  #673 ) ;
#1662 = ORIENTED_EDGE ( 'NONE', *, *, #29, .F. ) ;
#1663 = VECTOR ( 'NONE', #411, 1000.000000000000000 ) ;
#1664 = DIRECTION ( 'NONE',  ( 0.000000000000000000, 1.000000000000000000, 0.000000000000000000 ) ) ;
#1665 = ORIENTED_EDGE ( 'NONE', *, *, #1238, .F. ) ;
#1666 = LINE ( 'NONE', #921, #1530 ) ;
#1667 = CARTESIAN_POINT ( 'NONE',  ( -6.344403099310000016, 3.000000000000000000, 11.32747969470000093 ) ) ;
#1668 = AXIS2_PLACEMENT_3D ( 'NONE', #1454, #1165, #1014 ) ;
#1669 = VECTOR ( 'NONE', #1228, 1000.000000000000000 ) ;
#1670 = LINE ( 'NONE', #302, #65 ) ;
#1671 = CARTESIAN_POINT ( 'NONE',  ( -5.431416528600000682, 0.000000000000000000, -12.50000000160000013 ) ) ;
#1672 = DIRECTION ( 'NONE',  ( -0.000000000000000000, 1.000000000000000000, 0.000000000000000000 ) ) ;
#1673 = EDGE_LOOP ( 'NONE', ( #1934, #1288, #1191, #1931 ) ) ;
#1674 = CARTESIAN_POINT ( 'NONE',  ( -6.420864198430000336, 0.000000000000000000, 11.74279625680000017 ) ) ;
#1675 = COORDINATED_UNIVERSAL_TIME_OFFSET ( 8, 0, .AHEAD. ) ;
#1676 = EDGE_CURVE ( 'NONE', #1279, #937, #1760, .T. ) ;
#1677 = ORIENTED_EDGE ( 'NONE', *, *, #1794, .F. ) ;
#1678 = CARTESIAN_POINT ( 'NONE',  ( -8.500000000000000000, 0.000000000000000000, -5.500000000000000000 ) ) ;
#1679 = DIRECTION ( 'NONE',  ( 0.000000000000000000, 1.000000000000000000, 0.000000000000000000 ) ) ;
#1680 = CARTESIAN_POINT ( 'NONE',  ( 7.907843746459999323, 0.000000000000000000, 10.26078226769999979 ) ) ;
#1681 = CIRCLE ( 'NONE', #1928, 0.5000000009820004809 ) ;
#1682 = EDGE_CURVE ( 'NONE', #496, #1424, #1002, .T. ) ;
#1683 = CYLINDRICAL_SURFACE ( 'NONE', #1111, 0.5000000000000004441 ) ;
#1684 = CYLINDRICAL_SURFACE ( 'NONE', #1114, 0.5000000000000004441 ) ;
#1685 = VERTEX_POINT ( 'NONE', #251 ) ;
#1686 = DIRECTION ( 'NONE',  ( 0.000000000000000000, 1.000000000000000000, 0.000000000000000000 ) ) ;
#1687 = ORIENTED_EDGE ( 'NONE', *, *, #1855, .T. ) ;
#1688 = LINE ( 'NONE', #27, #360 ) ;
#1689 = CARTESIAN_POINT ( 'NONE',  ( 7.000000000000000000, 3.000000000000000000, 3.212388980380000092 ) ) ;
#1690 = FACE_OUTER_BOUND ( 'NONE', #1816, .T. ) ;
#1691 = AXIS2_PLACEMENT_3D ( 'NONE', #1511, #1358, #152 ) ;
#1692 = B_SPLINE_CURVE_WITH_KNOTS ( 'NONE', 5,
 ( #1894, #807, #50, #362, #657, #1868, #962, #1108, #818, #211, #753, #1768 ),
 .UNSPECIFIED., .F., .F.,
 ( 6, 3, 3, 6 ),
 ( 0.000000000000000000, 1.272763321750000065, 2.545526655899999824, 3.332101648109999648 ),
 .UNSPECIFIED. ) ;
#1693 = DIRECTION ( 'NONE',  ( 0.000000000000000000, 0.000000000000000000, 1.000000000000000000 ) ) ;
#1694 = FACE_OUTER_BOUND ( 'NONE', #1778, .T. ) ;
#1695 = EDGE_LOOP ( 'NONE', ( #1639, #1898, #1021, #1131 ) ) ;
#1696 = CARTESIAN_POINT ( 'NONE',  ( -8.012454048989999578, 0.000000000000000000, -6.628832612350000097 ) ) ;
#1697 = ORIENTED_EDGE ( 'NONE', *, *, #333, .T. ) ;
#1698 = VECTOR ( 'NONE', #137, 1000.000000000000000 ) ;
#1699 = CARTESIAN_POINT ( 'NONE',  ( 7.590442611940000361, 0.000000000000000000, -10.62252772789999966 ) ) ;
#1700 = CARTESIAN_POINT ( 'NONE',  ( 7.500000000980000081, 0.000000000000000000, 9.585562454259999754 ) ) ;
#1701 = EDGE_CURVE ( 'NONE', #1537, #520, #1570, .T. ) ;
#1702 = DIRECTION ( 'NONE',  ( 5.782411586589358625E-16, 0.000000000000000000, 1.000000000000000000 ) ) ;
#1703 = DIRECTION ( 'NONE',  ( 0.000000000000000000, 1.000000000000000000, 0.000000000000000000 ) ) ;
#1704 = VERTEX_POINT ( 'NONE', #102 ) ;
#1705 = FACE_OUTER_BOUND ( 'NONE', #784, .T. ) ;
#1706 = VERTEX_POINT ( 'NONE', #708 ) ;
#1707 = DIRECTION ( 'NONE',  ( 1.000000000000000000, 0.000000000000000000, 0.000000000000000000 ) ) ;
#1708 = CARTESIAN_POINT ( 'NONE',  ( -7.000000000000000000, 1.500000000000000000, 5.666666666669999408 ) ) ;
#1709 = EDGE_CURVE ( 'NONE', #83, #1516, #1112, .T. ) ;
#1710 = DIRECTION ( 'NONE',  ( -1.000000000000000000, 0.000000000000000000, 0.000000000000000000 ) ) ;
#1711 = DIRECTION ( 'NONE',  ( 0.000000000000000000, -1.000000000000000000, 0.000000000000000000 ) ) ;
#1712 = ORIENTED_EDGE ( 'NONE', *, *, #1944, .T. ) ;
#1713 = DIRECTION ( 'NONE',  ( 0.000000000000000000, 0.000000000000000000, -1.000000000000000000 ) ) ;
#1714 = ORIENTED_EDGE ( 'NONE', *, *, #56, .F. ) ;
#1715 = EDGE_CURVE ( 'NONE', #144, #11, #1396, .T. ) ;
#1716 = DIRECTION ( 'NONE',  ( 1.000000000000000000, 0.000000000000000000, 0.000000000000000000 ) ) ;
#1717 = AXIS2_PLACEMENT_3D ( 'NONE', #622, #1240, #1702 ) ;
#1718 = DIRECTION ( 'NONE',  ( 0.000000000000000000, 0.000000000000000000, 1.000000000000000000 ) ) ;
#1719 = AXIS2_PLACEMENT_3D ( 'NONE', #1076, #1385, #1707 ) ;
#1720 = DIRECTION ( 'NONE',  ( 0.000000000000000000, 1.000000000000000000, 0.000000000000000000 ) ) ;
#1721 = CARTESIAN_POINT ( 'NONE',  ( 6.950958401900000361, 3.000000000000000000, -12.50000000000000000 ) ) ;
#1722 = EDGE_CURVE ( 'NONE', #1273, #1279, #648, .T. ) ;
#1723 = VERTEX_POINT ( 'NONE', #1637 ) ;
#1724 = CARTESIAN_POINT ( 'NONE',  ( -0.7647498631850000450, 3.000000000000000000, -12.50000000000000000 ) ) ;
#1725 = ORIENTED_EDGE ( 'NONE', *, *, #567, .T. ) ;
#1726 = CARTESIAN_POINT ( 'NONE',  ( -8.433169380509999868, 0.000000000000000000, 10.64523773870000056 ) ) ;
#1727 = VECTOR ( 'NONE', #1349, 1000.000000000000000 ) ;
#1728 = CARTESIAN_POINT ( 'NONE',  ( 7.000000000000000000, 3.000000000000000000, 11.00000000000000000 ) ) ;
#1729 = DIRECTION ( 'NONE',  ( 0.000000000000000000, 1.000000000000000000, 0.000000000000000000 ) ) ;
#1730 = ORIENTED_EDGE ( 'NONE', *, *, #1212, .T. ) ;
#1731 = EDGE_CURVE ( 'NONE', #405, #1487, #1148, .T. ) ;
#1732 = DIRECTION ( 'NONE',  ( 1.000000000000000000, 0.000000000000000000, 0.000000000000000000 ) ) ;
#1733 = EDGE_LOOP ( 'NONE', ( #23, #207, #1339, #1126 ) ) ;
#1734 = ORIENTED_EDGE ( 'NONE', *, *, #1436, .T. ) ;
#1735 = CARTESIAN_POINT ( 'NONE',  ( 7.501631722790000012, 3.000000000000000000, -10.62094435279999871 ) ) ;
#1736 = EDGE_CURVE ( 'NONE', #1277, #381, #766, .T. ) ;
#1737 = PRODUCT ( 'acrylic-0.5_light_new10', 'acrylic-0.5_light_new10', '', ( #1786 ) ) ;
#1738 = CARTESIAN_POINT ( 'NONE',  ( -7.000000000000000000, 0.000000000000000000, 9.227800568570001971 ) ) ;
#1739 = CARTESIAN_POINT ( 'NONE',  ( -7.000000000000000000, 3.000000000000000000, -9.500000000000000000 ) ) ;
#1740 = ORIENTED_EDGE ( 'NONE', *, *, #1559, .T. ) ;
#1741 = CARTESIAN_POINT ( 'NONE',  ( -8.500000000000000000, 3.000000000000000000, -11.00000000000000000 ) ) ;
#1742 = ORIENTED_EDGE ( 'NONE', *, *, #1642, .F. ) ;
#1743 = CARTESIAN_POINT ( 'NONE',  ( 8.500000000000000000, 3.000000000000000000, 4.545722313229999756 ) ) ;
#1744 = EDGE_CURVE ( 'NONE', #52, #142, #1199, .T. ) ;
#1745 = DIRECTION ( 'NONE',  ( 0.000000000000000000, 1.000000000000000000, 0.000000000000000000 ) ) ;
#1746 = CARTESIAN_POINT ( 'NONE',  ( -7.000000000000000000, 3.000000000000000000, -9.611238502830001806 ) ) ;
#1747 = ORIENTED_EDGE ( 'NONE', *, *, #1160, .T. ) ;
#1748 = VECTOR ( 'NONE', #1145, 1000.000000000000000 ) ;
#1749 = CARTESIAN_POINT ( 'NONE',  ( -7.166030947950000396, 3.000000000000000000, 9.605575469150000600 ) ) ;
#1750 = CC_DESIGN_APPROVAL ( #522, ( #1948 ) ) ;
#1751 = ORIENTED_EDGE ( 'NONE', *, *, #357, .F. ) ;
#1752 = CARTESIAN_POINT ( 'NONE',  ( 8.500000000000000000, 3.000000000000000000, 11.00000000000000000 ) ) ;
#1753 = VECTOR ( 'NONE', #1686, 1000.000000000000000 ) ;
#1754 = AXIS2_PLACEMENT_3D ( 'NONE', #1656, #1069, #1342 ) ;
#1755 = CARTESIAN_POINT ( 'NONE',  ( -8.500000000000000000, 0.000000000000000000, 3.500000000000000000 ) ) ;
#1756 = LINE ( 'NONE', #620, #747 ) ;
#1757 = LINE ( 'NONE', #249, #1603 ) ;
#1758 = ORIENTED_EDGE ( 'NONE', *, *, #193, .F. ) ;
#1759 = AXIS2_PLACEMENT_3D ( 'NONE', #839, #670, #1459 ) ;
#1760 = LINE ( 'NONE', #1306, #1311 ) ;
#1761 = ADVANCED_FACE ( 'NONE', ( #1477 ), #1952, .F. ) ;
#1762 = ORIENTED_EDGE ( 'NONE', *, *, #299, .F. ) ;
#1763 = ORIENTED_EDGE ( 'NONE', *, *, #1508, .T. ) ;
#1764 = LINE ( 'NONE', #73, #206 ) ;
#1765 = VECTOR ( 'NONE', #1720, 1000.000000000000000 ) ;
#1766 = COORDINATED_UNIVERSAL_TIME_OFFSET ( 8, 0, .AHEAD. ) ;
#1767 = EDGE_CURVE ( 'NONE', #1040, #1094, #1325, .T. ) ;
#1768 = CARTESIAN_POINT ( 'NONE',  ( -8.500000000000000000, 0.000000000000000000, -4.166666666050000245 ) ) ;
#1769 = CARTESIAN_POINT ( 'NONE',  ( 1.977138843139999880, 0.000000000000000000, 11.00000000000000000 ) ) ;
#1770 = CARTESIAN_POINT ( 'NONE',  ( -7.377322003250000648, 0.000000000000000000, 9.712517092000000574 ) ) ;
#1771 = CARTESIAN_POINT ( 'NONE',  ( 7.000000000000000000, 0.000000000000000000, 1.712388980380000092 ) ) ;
#1772 = CARTESIAN_POINT ( 'NONE',  ( 7.222477254249999312, 0.000000000000000000, 6.035410642289999572 ) ) ;
#1773 = LINE ( 'NONE', #1782, #138 ) ;
#1774 = ORIENTED_EDGE ( 'NONE', *, *, #188, .F. ) ;
#1775 = CARTESIAN_POINT ( 'NONE',  ( -7.000000000000000000, 0.000000000000000000, -12.50000000000000000 ) ) ;
#1776 = APPROVAL_STATUS ( 'not_yet_approved' ) ;
#1777 = EDGE_CURVE ( 'NONE', #594, #822, #1185, .T. ) ;
#1778 = EDGE_LOOP ( 'NONE', ( #1469, #1359, #1544, #1827 ) ) ;
#1779 = CARTESIAN_POINT ( 'NONE',  ( 7.534604446030000346, 0.000000000000000000, -6.539931763170000245 ) ) ;
#1780 = ORIENTED_EDGE ( 'NONE', *, *, #1142, .F. ) ;
#1781 = CARTESIAN_POINT ( 'NONE',  ( 5.683828949269999598, 3.000000000000000000, 11.02213707950000021 ) ) ;
#1782 = CARTESIAN_POINT ( 'NONE',  ( -1.431416529420000083, 3.000000000000000000, -12.50000000000000000 ) ) ;
#1783 = AXIS2_PLACEMENT_3D ( 'NONE', #236, #352, #692 ) ;
#1784 = EDGE_LOOP ( 'NONE', ( #832, #1138, #1813, #1582 ) ) ;
#1785 = DIRECTION ( 'NONE',  ( -1.408839003530000078E-14, 0.000000000000000000, 1.000000000000000000 ) ) ;
#1786 = MECHANICAL_CONTEXT ( 'NONE', #1960, 'mechanical' ) ;
#1787 = CC_DESIGN_APPROVAL ( #1483, ( #804 ) ) ;
#1788 = ORIENTED_EDGE ( 'NONE', *, *, #1938, .T. ) ;
#1789 = CIRCLE ( 'NONE', #173, 1.499999994079999954 ) ;
#1790 = CARTESIAN_POINT ( 'NONE',  ( 7.000000000000000000, 3.000000000000000000, -10.18377452080000012 ) ) ;
#1791 = DIRECTION ( 'NONE',  ( 0.000000000000000000, 1.000000000000000000, 0.000000000000000000 ) ) ;
#1792 = EDGE_CURVE ( 'NONE', #719, #1706, #994, .T. ) ;
#1793 = FACE_OUTER_BOUND ( 'NONE', #1695, .T. ) ;
#1794 = EDGE_CURVE ( 'NONE', #284, #175, #397, .T. ) ;
#1795 = EDGE_LOOP ( 'NONE', ( #1853, #1253, #104, #1011 ) ) ;
#1796 = VERTEX_POINT ( 'NONE', #1972 ) ;
#1797 = PLANE ( 'NONE',  #710 ) ;
#1798 = PERSON_AND_ORGANIZATION ( #1446, #1250 ) ;
#1799 = VECTOR ( 'NONE', #788, 1000.000000000000000 ) ;
#1800 = ADVANCED_FACE ( 'NONE', ( #161 ), #611, .F. ) ;
#1801 = CARTESIAN_POINT ( 'NONE',  ( -7.000000000000000000, 3.000000000000000000, 9.227800568200001052 ) ) ;
#1802 = DIRECTION ( 'NONE',  ( -1.000000000000000000, 0.000000000000000000, 0.000000000000000000 ) ) ;
#1803 = CYLINDRICAL_SURFACE ( 'NONE', #835, 1.499999999999999556 ) ;
#1804 = ORIENTED_EDGE ( 'NONE', *, *, #1709, .T. ) ;
#1805 = CARTESIAN_POINT ( 'NONE',  ( -2.345882820529999968, 0.000000000000000000, 11.22247724450000028 ) ) ;
#1806 = ORIENTED_EDGE ( 'NONE', *, *, #1855, .F. ) ;
#1807 = FACE_OUTER_BOUND ( 'NONE', #429, .T. ) ;
#1808 = CARTESIAN_POINT ( 'NONE',  ( 8.500000000000000000, 0.000000000000000000, -5.120944352820000489 ) ) ;
#1809 = EDGE_CURVE ( 'NONE', #1031, #1201, #458, .T. ) ;
#1810 = CARTESIAN_POINT ( 'NONE',  ( 7.468648523819999774, 3.000000000000000000, -10.62094435279999871 ) ) ;
#1811 = CARTESIAN_POINT ( 'NONE',  ( 7.000000000000000000, 1.500000000000000000, 1.712388980380000092 ) ) ;
#1812 = CARTESIAN_POINT ( 'NONE',  ( 7.000000000000000000, 0.000000000000000000, 9.585562456399999931 ) ) ;
#1813 = ORIENTED_EDGE ( 'NONE', *, *, #1616, .F. ) ;
#1814 = CARTESIAN_POINT ( 'NONE',  ( 7.000000000000000000, -7.000000000000000000, -6.620944352949999612 ) ) ;
#1815 = B_SPLINE_CURVE_WITH_KNOTS ( 'NONE', 5,
 ( #1940, #873, #1618, #419, #1018, #269, #1476, #410, #1497, #1920, #1645, #866 ),
 .UNSPECIFIED., .F., .F.,
 ( 6, 3, 3, 6 ),
 ( 0.000000000000000000, 1.272763318960000056, 2.545526651289999887, 3.332101642610000081 ),
 .UNSPECIFIED. ) ;
#1816 = EDGE_LOOP ( 'NONE', ( #931, #1334, #749, #641, #1730, #1824, #1491, #541, #1106, #1482, #1235, #725, #1381, #1176, #473, #1442, #1190, #813, #1648, #1974, #1763, #1472, #448, #197, #533, #1911, #1072, #177, #15, #603, #1501, #884, #204, #1927, #1423, #1034, #89, #1620, #187, #1115, #383, #1697, #829, #1631, #572, #45, #1178, #992, #981 ) ) ;
#1817 = CARTESIAN_POINT ( 'NONE',  ( 5.494547027859999488, 0.000000000000000000, -11.54928029610000095 ) ) ;
#1818 = FACE_OUTER_BOUND ( 'NONE', #364, .T. ) ;
#1819 = AXIS2_PLACEMENT_3D ( 'NONE', #1877, #346, #819 ) ;
#1820 = FACE_OUTER_BOUND ( 'NONE', #801, .T. ) ;
#1821 = CARTESIAN_POINT ( 'NONE',  ( 7.000000000000000000, 3.000000000000000000, -12.50000000000000000 ) ) ;
#1822 = VECTOR ( 'NONE', #1664, 1000.000000000000000 ) ;
#1823 = CYLINDRICAL_SURFACE ( 'NONE', #1691, 1.499999999999999556 ) ;
#1824 = ORIENTED_EDGE ( 'NONE', *, *, #450, .T. ) ;
#1825 = CARTESIAN_POINT ( 'NONE',  ( 7.000000001620000134, 3.000000000000000000, -5.120944354439999735 ) ) ;
#1826 = ADVANCED_FACE ( 'NONE', ( #334 ), #1962, .T. ) ;
#1827 = ORIENTED_EDGE ( 'NONE', *, *, #1464, .F. ) ;
#1828 = CARTESIAN_POINT ( 'NONE',  ( -7.000000000000000000, 3.000000000000000000, 1.333333333950000199 ) ) ;
#1829 = CARTESIAN_POINT ( 'NONE',  ( 8.500000000000000000, 3.000000000000000000, 11.00000000000000000 ) ) ;
#1830 = DIRECTION ( 'NONE',  ( 0.000000000000000000, 1.000000000000000000, 0.000000000000000000 ) ) ;
#1831 = VECTOR ( 'NONE', #1802, 1000.000000000000000 ) ;
#1832 = CYLINDRICAL_SURFACE ( 'NONE', #1717, 1.499999999999999556 ) ;
#1833 = CARTESIAN_POINT ( 'NONE',  ( -8.500000000000000000, 0.000000000000000000, -4.166666666050000245 ) ) ;
#1834 = ORIENTED_EDGE ( 'NONE', *, *, #924, .F. ) ;
#1835 = CARTESIAN_POINT ( 'NONE',  ( 8.500000000000000000, 3.000000000000000000, -4.454277685840001055 ) ) ;
#1836 = ORIENTED_EDGE ( 'NONE', *, *, #1929, .T. ) ;
#1837 = CARTESIAN_POINT ( 'NONE',  ( 7.000000000000000000, 3.000000000000000000, -11.00000000000000000 ) ) ;
#1838 = CARTESIAN_POINT ( 'NONE',  ( 5.522186040429999387, 0.000000000000000000, 11.49999999949999996 ) ) ;
#1839 = CIRCLE ( 'NONE', #1418, 1.499999998380000310 ) ;
#1840 = EDGE_CURVE ( 'NONE', #822, #130, #555, .T. ) ;
#1841 = CARTESIAN_POINT ( 'NONE',  ( 6.038429675579999767, 0.000000000000000000, 11.52187200170000025 ) ) ;
#1842 = CARTESIAN_POINT ( 'NONE',  ( 7.400698271879999623, 3.000000000000000000, 10.07560242029999920 ) ) ;
#1843 = VERTEX_POINT ( 'NONE', #902 ) ;
#1844 = CARTESIAN_POINT ( 'NONE',  ( -7.869280471069999727, 0.000000000000000000, -6.742448650569999202 ) ) ;
#1845 = ORIENTED_EDGE ( 'NONE', *, *, #384, .T. ) ;
#1846 = DIRECTION ( 'NONE',  ( -1.000000000000000000, 0.000000000000000000, 0.000000000000000000 ) ) ;
#1847 = CARTESIAN_POINT ( 'NONE',  ( 7.503263446239999190, 3.000000000000000000, -10.62094435289999872 ) ) ;
#1848 = VECTOR ( 'NONE', #900, 1000.000000000000000 ) ;
#1849 = EDGE_CURVE ( 'NONE', #669, #1271, #930, .T. ) ;
#1850 = FACE_OUTER_BOUND ( 'NONE', #739, .T. ) ;
#1851 = B_SPLINE_CURVE_WITH_KNOTS ( 'NONE', 5,
 ( #642, #1553, #1391, #1536, #53, #1696, #1844, #486, #195, #24, #1085, #1254 ),
 .UNSPECIFIED., .F., .F.,
 ( 6, 3, 3, 6 ),
 ( 0.000000000000000000, 1.272763336379999721, 2.545526680050000046, 3.332101676880000252 ),
 .UNSPECIFIED. ) ;
#1852 = CARTESIAN_POINT ( 'NONE',  ( -5.431416530159999922, 3.000000000000000000, -11.00000000000000000 ) ) ;
#1853 = ORIENTED_EDGE ( 'NONE', *, *, #328, .F. ) ;
#1854 = LINE ( 'NONE', #626, #1753 ) ;
#1855 = EDGE_CURVE ( 'NONE', #1326, #671, #1596, .T. ) ;
#1856 = ORIENTED_EDGE ( 'NONE', *, *, #531, .F. ) ;
#1857 = VECTOR ( 'NONE', #1970, 1000.000000000000000 ) ;
#1858 = CARTESIAN_POINT ( 'NONE',  ( -8.500000000000000000, 3.000000000000000000, -4.833333333019999678 ) ) ;
#1859 = DIRECTION ( 'NONE',  ( 0.000000000000000000, 1.000000000000000000, 0.000000000000000000 ) ) ;
#1860 = CARTESIAN_POINT ( 'NONE',  ( -7.000000000000000000, 3.000000000000000000, -12.50000000000000000 ) ) ;
#1861 = EDGE_CURVE ( 'NONE', #496, #1040, #46, .T. ) ;
#1862 = LINE ( 'NONE', #41, #19 ) ;
#1863 = ORIENTED_EDGE ( 'NONE', *, *, #1136, .T. ) ;
#1864 = CARTESIAN_POINT ( 'NONE',  ( 5.522186040540000285, 3.000000000000000000, 11.50000000000000000 ) ) ;
#1865 = VERTEX_POINT ( 'NONE', #1043 ) ;
#1866 = CARTESIAN_POINT ( 'NONE',  ( -5.869653764429999754, 0.000000000000000000, 11.49999999890000169 ) ) ;
#1867 = EDGE_CURVE ( 'NONE', #11, #1031, #1654, .T. ) ;
#1868 = CARTESIAN_POINT ( 'NONE',  ( -8.128832610359999933, 0.000000000000000000, -3.154212615200000513 ) ) ;
#1869 = CYLINDRICAL_SURFACE ( 'NONE', #1474, 1.499999999999999556 ) ;
#1870 = VERTEX_POINT ( 'NONE', #1507 ) ;
#1871 = CARTESIAN_POINT ( 'NONE',  ( 7.000000001620000134, 3.000000000000000000, 11.00000000159999836 ) ) ;
#1872 = ORIENTED_EDGE ( 'NONE', *, *, #744, .T. ) ;
#1873 = FACE_OUTER_BOUND ( 'NONE', #797, .T. ) ;
#1874 = VECTOR ( 'NONE', #1951, 1000.000000000000000 ) ;
#1875 = FACE_OUTER_BOUND ( 'NONE', #60, .T. ) ;
#1876 = VECTOR ( 'NONE', #1846, 1000.000000000000000 ) ;
#1877 = CARTESIAN_POINT ( 'NONE',  ( 4.965425130809999921, 3.000000000000000000, -11.50000000000000000 ) ) ;
#1878 = LINE ( 'NONE', #1721, #1307 ) ;
#1879 = EDGE_LOOP ( 'NONE', ( #1233, #1592, #1256, #63 ) ) ;
#1880 = CARTESIAN_POINT ( 'NONE',  ( -7.007000160609999639, 3.000000000000000000, 9.333631340320000191 ) ) ;
#1881 = ADVANCED_FACE ( 'NONE', ( #1690 ), #630, .F. ) ;
#1882 = ORIENTED_EDGE ( 'NONE', *, *, #924, .T. ) ;
#1883 = EDGE_CURVE ( 'NONE', #1173, #1523, #743, .T. ) ;
#1884 = CARTESIAN_POINT ( 'NONE',  ( 4.965425130809999921, 3.000000000000000000, -11.00000000000000000 ) ) ;
#1885 = VECTOR ( 'NONE', #811, 1000.000000000000000 ) ;
#1886 = DIRECTION ( 'NONE',  ( 0.000000000000000000, 1.000000000000000000, 0.000000000000000000 ) ) ;
#1887 = CARTESIAN_POINT ( 'NONE',  ( -7.257551349429999910, 3.000000000000000000, -10.36928047110000151 ) ) ;
#1888 = EDGE_LOOP ( 'NONE', ( #760, #1758, #1806, #394 ) ) ;
#1889 = CARTESIAN_POINT ( 'NONE',  ( -7.230029100740000381, 3.000000000000000000, 9.653623283930000909 ) ) ;
#1890 = AXIS2_PLACEMENT_3D ( 'NONE', #936, #519, #337 ) ;
#1891 = VERTEX_POINT ( 'NONE', #312 ) ;
#1892 = ORIENTED_EDGE ( 'NONE', *, *, #1314, .T. ) ;
#1893 = FACE_OUTER_BOUND ( 'NONE', #214, .T. ) ;
#1894 = CARTESIAN_POINT ( 'NONE',  ( -7.000000000000000000, 0.000000000000000000, -2.666666666669999852 ) ) ;
#1895 = CARTESIAN_POINT ( 'NONE',  ( 8.500000000000000000, 0.000000000000000000, 3.879055647179999955 ) ) ;
#1896 = ORIENTED_EDGE ( 'NONE', *, *, #1701, .F. ) ;
#1897 = DIRECTION ( 'NONE',  ( 0.000000000000000000, 1.000000000000000000, 0.000000000000000000 ) ) ;
#1898 = ORIENTED_EDGE ( 'NONE', *, *, #825, .T. ) ;
#1899 = ORIENTED_EDGE ( 'NONE', *, *, #588, .F. ) ;
#1900 = DIRECTION ( 'NONE',  ( 0.000000000000000000, -1.000000000000000000, 0.000000000000000000 ) ) ;
#1901 = CARTESIAN_POINT ( 'NONE',  ( -7.000000000000000000, 3.000000000000000000, 5.666666666049999357 ) ) ;
#1902 = CARTESIAN_POINT ( 'NONE',  ( 8.489688329549998969, 0.000000000000000000, -5.343421601810000254 ) ) ;
#1903 = EDGE_CURVE ( 'NONE', #1201, #1214, #1376, .T. ) ;
#1904 = CARTESIAN_POINT ( 'NONE',  ( -7.010311670420000141, 3.000000000000000000, -9.722477248719998855 ) ) ;
#1905 = ORIENTED_EDGE ( 'NONE', *, *, #892, .F. ) ;
#1906 = CIRCLE ( 'NONE', #614, 0.5000000039330001478 ) ;
#1907 = DIRECTION ( 'NONE',  ( 1.000000000000000000, 0.000000000000000000, -1.577021341800000075E-16 ) ) ;
#1908 = LOCAL_TIME ( 0, 13, 41.00000000000000000, #244 ) ;
#1909 = CARTESIAN_POINT ( 'NONE',  ( -6.931416530159999034, 3.000000000000000000, -12.50000000000000000 ) ) ;
#1910 = ORIENTED_EDGE ( 'NONE', *, *, #828, .T. ) ;
#1911 = ORIENTED_EDGE ( 'NONE', *, *, #1086, .T. ) ;
#1912 = EDGE_CURVE ( 'NONE', #79, #840, #18, .T. ) ;
#1913 = PLANE ( 'NONE',  #1405 ) ;
#1914 = COORDINATED_UNIVERSAL_TIME_OFFSET ( 8, 0, .AHEAD. ) ;
#1915 = VECTOR ( 'NONE', #1202, 1000.000000000000000 ) ;
#1916 = VECTOR ( 'NONE', #912, 1000.000000000000000 ) ;
#1917 = CARTESIAN_POINT ( 'NONE',  ( 4.965425127580000542, 0.000000000000000000, -11.50000000390000032 ) ) ;
#1918 = PLANE ( 'NONE',  #1414 ) ;
#1919 = DIRECTION ( 'NONE',  ( 0.000000000000000000, 1.000000000000000000, 0.000000000000000000 ) ) ;
#1920 = CARTESIAN_POINT ( 'NONE',  ( -1.653893777319999980, 0.000000000000000000, -12.48968832969999809 ) ) ;
#1921 = AXIS2_PLACEMENT_3D ( 'NONE', #532, #539, #1132 ) ;
#1922 = CARTESIAN_POINT ( 'NONE',  ( 1.030749414709999812, 0.000000000000000000, -12.01245405210000072 ) ) ;
#1923 = EDGE_CURVE ( 'NONE', #1016, #868, #1206, .T. ) ;
#1924 = CARTESIAN_POINT ( 'NONE',  ( -5.966020978350000448, 3.000000000000000000, -11.08101259070000033 ) ) ;
#1925 = EDGE_LOOP ( 'NONE', ( #1677, #1443, #422, #1104 ) ) ;
#1926 = CYLINDRICAL_SURFACE ( 'NONE', #1215, 1.499999999999999556 ) ;
#1927 = ORIENTED_EDGE ( 'NONE', *, *, #567, .F. ) ;
#1928 = AXIS2_PLACEMENT_3D ( 'NONE', #1700, #179, #1386 ) ;
#1929 = EDGE_CURVE ( 'NONE', #782, #974, #386, .T. ) ;
#1930 = CARTESIAN_POINT ( 'NONE',  ( -7.000000000000000000, 3.000000000000000000, -11.00000000000000000 ) ) ;
#1931 = ORIENTED_EDGE ( 'NONE', *, *, #705, .F. ) ;
#1932 = CARTESIAN_POINT ( 'NONE',  ( 1.401916803790000055, 0.000000000000000000, -11.00000000000000000 ) ) ;
#1933 = CARTESIAN_POINT ( 'NONE',  ( -6.900480456789999550, 3.000000000000000000, -12.16755691280000029 ) ) ;
#1934 = ORIENTED_EDGE ( 'NONE', *, *, #913, .F. ) ;
#1935 = ORIENTED_EDGE ( 'NONE', *, *, #1265, .F. ) ;
#1936 = CARTESIAN_POINT ( 'NONE',  ( -2.356194490570000077, 0.000000000000000000, 11.11123850070000074 ) ) ;
#1937 = ORIENTED_EDGE ( 'NONE', *, *, #245, .F. ) ;
#1938 = EDGE_CURVE ( 'NONE', #1296, #1516, #1773, .T. ) ;
#1939 = EDGE_CURVE ( 'NONE', #284, #1173, #412, .T. ) ;
#1940 = CARTESIAN_POINT ( 'NONE',  ( -2.931416529419999861, 0.000000000000000000, -11.00000000000000000 ) ) ;
#1941 = CARTESIAN_POINT ( 'NONE',  ( 1.401916803790000055, 0.000000000000000000, -11.11123850350000097 ) ) ;
#1942 = CARTESIAN_POINT ( 'NONE',  ( -6.673865182760000181, 3.000000000000000000, -11.63071953250000057 ) ) ;
#1943 = ORIENTED_EDGE ( 'NONE', *, *, #220, .T. ) ;
#1944 = EDGE_CURVE ( 'NONE', #1870, #1140, #1406, .T. ) ;
#1945 = LINE ( 'NONE', #282, #1822 ) ;
#1946 = AXIS2_PLACEMENT_3D ( 'NONE', #1189, #624, #917 ) ;
#1947 =( NAMED_UNIT ( * ) SI_UNIT ( $, .STERADIAN. ) SOLID_ANGLE_UNIT ( ) );
#1948 = SECURITY_CLASSIFICATION ( '', '', #1604 ) ;
#1949 = ORIENTED_EDGE ( 'NONE', *, *, #1586, .F. ) ;
#1950 =( GEOMETRIC_REPRESENTATION_CONTEXT ( 3 ) GLOBAL_UNCERTAINTY_ASSIGNED_CONTEXT ( ( #14 ) ) GLOBAL_UNIT_ASSIGNED_CONTEXT ( ( #133, #274, #1947 ) ) REPRESENTATION_CONTEXT ( 'NONE', 'WORKASPACE' ) );
#1951 = DIRECTION ( 'NONE',  ( 0.000000000000000000, 0.000000000000000000, 1.000000000000000000 ) ) ;
#1952 = PLANE ( 'NONE',  #934 ) ;
#1953 = DIRECTION ( 'NONE',  ( 0.000000000000000000, 1.000000000000000000, 0.000000000000000000 ) ) ;
#1954 = ORIENTED_EDGE ( 'NONE', *, *, #1445, .T. ) ;
#1955 = FACE_OUTER_BOUND ( 'NONE', #975, .T. ) ;
#1956 = EDGE_CURVE ( 'NONE', #1279, #1537, #1878, .T. ) ;
#1957 = ORIENTED_EDGE ( 'NONE', *, *, #361, .T. ) ;
#1958 = DIRECTION ( 'NONE',  ( 1.000000000000000000, 0.000000000000000000, 3.828568698930000354E-16 ) ) ;
#1959 = CARTESIAN_POINT ( 'NONE',  ( -6.359549739380000233, 3.000000000000000000, 11.38429468780000064 ) ) ;
#1960 = APPLICATION_CONTEXT ( 'configuration controlled 3d designs of mechanical parts and assemblies' ) ;
#1961 = CARTESIAN_POINT ( 'NONE',  ( 7.576844655400000406, 0.000000000000000000, 10.11129673340000146 ) ) ;
#1962 = CYLINDRICAL_SURFACE ( 'NONE', #1437, 1.499999999999999556 ) ;
#1963 = CARTESIAN_POINT ( 'NONE',  ( 6.518932587110000121, 0.000000000000000000, 12.25314153060000066 ) ) ;
#1964 = CARTESIAN_POINT ( 'NONE',  ( 8.500000000000000000, 0.000000000000000000, 4.545722313229999756 ) ) ;
#1965 = CARTESIAN_POINT ( 'NONE',  ( -7.000000000000000000, 1.500000000000000000, -2.666666666669999852 ) ) ;
#1966 = ORIENTED_EDGE ( 'NONE', *, *, #1701, .T. ) ;
#1967 = CARTESIAN_POINT ( 'NONE',  ( -2.244889920530000360, 0.000000000000000000, 11.61366694729999871 ) ) ;
#1968 = CARTESIAN_POINT ( 'NONE',  ( -2.931416529419999861, -7.000000000000000000, -11.00000000000000000 ) ) ;
#1969 = DIRECTION ( 'NONE',  ( 0.000000000000000000, 1.000000000000000000, 0.000000000000000000 ) ) ;
#1970 = DIRECTION ( 'NONE',  ( 0.000000000000000000, 1.000000000000000000, 0.000000000000000000 ) ) ;
#1971 = CARTESIAN_POINT ( 'NONE',  ( 7.154696365010000392, 3.000000000000000000, 9.957501601089999710 ) ) ;
#1972 = CARTESIAN_POINT ( 'NONE',  ( -7.000000000000000000, 0.000000000000000000, 5.666666666669999408 ) ) ;
#1973 = CARTESIAN_POINT ( 'NONE',  ( -5.869653764050000611, 3.000000000000000000, 11.50000000000000000 ) ) ;
#1974 = ORIENTED_EDGE ( 'NONE', *, *, #1736, .T. ) ;
#1975 = CARTESIAN_POINT ( 'NONE',  ( -2.356194490570000077, 3.000000000000000000, 11.00000000000000000 ) ) ;
#1976 = VECTOR ( 'NONE', #1484, 1000.000000000000000 ) ;
#1977 = ADVANCED_FACE ( 'NONE', ( #6 ), #432, .T. ) ;
#1978 = ORIENTED_EDGE ( 'NONE', *, *, #514, .F. ) ;
ENDSEC;
END-ISO-10303-21;
